id,name,position,team,pace,stamina,strength,short_passing,long_passing,vision,finishing,shot_power,dribbling,ball_control,tackling,interceptions,blocking,positioning,reflexes,handling,gk_positioning
1,Max Aarons,DF,Bournemouth,73,79,50,84,57,50,50,50,50,50,60,60,60,50,50,50,50
2,Max Aarons,MD,Valencia,73,80,50,85,100,50,50,50,50,50,50,50,50,50,50,50,50
3,Rodrigo Abajas,DF,Valencia,80,87,50,78,28,50,50,50,50,50,60,60,60,50,50,50,50
4,James Abankwah,MD,Udinese,79,78,50,86,37,50,50,50,50,50,50,52,50,53,50,50,50
5,Keyliane Abdallah,AT,Marseille,90,74,50,50,50,50,60,50,60,50,50,50,50,50,50,50,50
6,Yunis Abdelhamid,DF,Saint-Étienne,61,73,50,92,47,56,50,50,50,50,60,76,60,100,50,50,50
7,Himad Abdelli,AT,Angers,85,80,50,88,50,100,60,50,60,50,50,70,50,68,50,50,50
8,Mohamed Abdelmoneim,DF,Nice,67,79,50,91,59,50,50,50,50,50,60,76,60,89,50,50,50
9,Ali Abdi,MD,Nice,84,92,50,83,47,89,50,50,50,50,50,72,50,78,50,50,50
10,Saud Abdulhamid,DF,Roma,61,84,50,93,33,53,50,50,50,50,60,60,60,50,50,50,50
11,Abel,DF,Osasuna,66,81,50,88,35,77,50,50,50,50,60,76,60,96,50,50,50
12,Nabil Aberdin,MD,Getafe,71,89,50,60,61,53,50,50,50,50,50,50,50,55,50,50,50
13,Oliver Abildgaard,MD,Como,86,76,50,50,50,50,50,50,50,50,50,50,50,50,50,50,50
14,Matthis Abline,AT,Nantes,82,71,50,77,55,100,60,50,60,50,50,54,50,76,50,50,50
15,Abner,DF,Lyon,68,77,50,91,61,80,50,50,50,50,60,60,60,82,50,50,50
16,Zakaria Aboukhlal,AT,Toulouse,85,78,50,75,42,83,60,50,60,50,50,62,50,58,50,50,50
17,Abdel Abqar,DF,Alavés,79,80,50,93,42,71,50,50,50,50,60,100,60,100,50,50,50
18,Tammy Abraham,AT,Roma,91,68,50,50,100,50,60,50,60,50,50,50,50,50,50,50,50
19,Tammy Abraham,AT,Milan,81,70,50,75,50,80,60,50,60,50,50,54,50,58,50,50,50
20,Federico Accornero,MD,Genoa,77,91,50,66,50,50,50,50,50,50,50,50,50,50,50,50,50
21,Francesco Acerbi,DF,Inter,66,73,50,93,82,68,50,50,50,50,60,90,60,100,50,50,50
22,Joshua Acheampong,DF,Chelsea,68,86,50,90,55,50,50,50,50,50,60,60,60,52,50,50,50
23,Akor Adams,AT,Sevilla,75,73,50,100,50,50,60,50,60,50,50,50,50,51,50,50,50
24,Akor Adams,AT,Montpellier,86,75,50,71,30,86,60,50,60,50,50,52,50,55,50,50,50
25,Che Adams,AT,Torino,89,72,50,77,63,100,60,50,60,50,50,52,50,64,50,50,50
26,Tyler Adams,MD,Bournemouth,75,77,50,88,57,80,50,50,50,50,50,100,50,76,50,50,50
27,Junior Adamu,AT,Freiburg,80,84,50,68,33,89,60,50,60,50,50,66,50,63,50,50,50
28,Tosin Adarabioyo,DF,Chelsea,81,73,50,96,61,53,50,50,50,50,60,64,60,97,50,50,50
29,Martin Adeline,MD,Reims,85,90,50,100,50,50,50,50,50,50,50,50,50,52,50,50,50
30,Karim Adeyemi,AT,Dortmund,94,82,50,84,64,100,60,50,60,50,50,62,50,55,50,50,50
31,Simon Adingra,AT,Brighton,81,82,50,87,47,74,60,50,60,50,50,62,50,53,50,50,50
32,Amine Adli,AT,Leverkusen,89,77,50,84,36,65,60,50,60,50,50,52,50,53,50,50,50
33,Yacine Adli,MD,Fiorentina,70,77,50,90,60,100,50,50,50,50,50,62,50,68,50,50,50
34,Adrián,GK,Betis,59,73,50,100,54,50,30,50,40,50,50,50,50,53,80,80,80
35,Adryelson,DF,Lyon,58,87,50,50,50,50,50,50,50,50,60,60,60,51,50,50,50
36,Vasilije Adžić,AT,Juventus,69,85,50,75,100,50,60,50,60,50,50,50,50,50,50,50,50
37,Michel Aebischer,MD,Bologna,79,78,50,91,87,68,50,50,50,50,50,60,50,52,50,50,50
38,Oladapo Afolayan,AT,St. Pauli,69,72,50,78,70,100,60,50,60,50,50,64,50,67,50,50,50
39,Emmanuel Agbadou,DF,Wolves,76,76,50,92,60,50,50,50,50,50,60,64,60,85,50,50,50
40,Emmanuel Agbadou,DF,Reims,60,82,50,92,63,74,50,50,50,50,60,88,60,100,50,50,50
41,Asher Agbinone,MD,Crystal Palace,67,79,50,100,50,53,50,50,50,50,50,50,50,50,50,50,50
42,Jeremy Agbonifo,AT,Lens,76,78,50,86,50,53,60,50,60,50,50,52,50,50,50,50,50
43,Julen Agirrezabala,GK,Athletic Club,46,61,50,100,35,50,30,50,40,50,50,50,50,54,80,80,80
44,Lucien Agoume,MD,Sevilla,84,84,50,90,59,74,50,50,50,50,50,90,50,65,50,50,50
45,Felix Agu,DF,Werder Bremen,58,86,50,86,57,83,50,50,50,50,60,74,60,82,50,50,50
46,Álvaro Aguado,MD,Espanyol,85,95,50,76,70,56,50,50,50,50,50,56,50,55,50,50,50
47,Lorenzo Aguado,DF,Real Madrid,71,70,50,50,100,50,50,50,50,50,60,60,60,52,50,50,50
48,Nayef Aguerd,DF,Real Sociedad,65,87,50,94,62,65,50,50,50,50,60,76,60,100,50,50,50
49,Ruben Aguilar,DF,Lens,77,68,50,88,75,59,50,50,50,50,60,66,60,64,50,50,50
50,Naouirou Ahamada,AT,Rennes,77,70,50,72,50,50,60,50,60,50,50,54,50,52,50,50,50
51,Honest Ahanor,DF,Genoa,74,79,50,60,50,50,50,50,50,50,60,60,60,52,50,50,50
52,Erik Ahlstrand,AT,St. Pauli,77,84,50,100,50,50,60,50,60,50,50,52,50,51,50,50,50
53,Jean-Eudes Aholou,MD,Angers,64,78,50,89,44,74,50,50,50,50,50,100,50,78,50,50,50
54,Joseph Aidoo,DF,Valladolid,74,86,50,93,42,50,50,50,50,50,60,60,60,60,50,50,50
55,Joseph Aidoo,DF,Celta Vigo,70,74,50,100,50,50,50,50,50,50,60,60,60,50,50,50,50
56,Ayman Aiki,AT,Saint-Étienne,86,82,50,70,33,53,60,50,60,50,50,52,50,50,50,50,50
57,Ola Aina,DF,Nott'ham Forest,66,79,50,87,36,83,50,50,50,50,60,100,60,100,50,50,50
58,Rayan Aït-Nouri,DF,Wolves,58,70,50,93,39,100,50,50,50,50,60,88,60,100,50,50,50
59,Junior Ajayi,AT,Hellas Verona,83,69,50,50,50,50,60,50,60,50,50,50,50,50,50,50,50
60,Kristoffer Ajer,DF,Brentford,68,80,50,86,51,65,50,50,50,50,60,68,60,89,50,50,50
61,Ludovic Ajorque,AT,Brest,88,85,50,72,73,100,60,50,60,50,50,58,50,67,50,50,50
62,Manuel Akanji,DF,Manchester City,81,74,50,96,73,77,50,50,50,50,60,64,60,100,50,50,50
63,Ümit Akdag,DF,Toulouse,79,69,50,82,34,56,50,50,50,50,60,72,60,65,50,50,50
64,Nathan Aké,DF,Manchester City,63,77,50,98,58,53,50,50,50,50,60,60,60,72,50,50,50
65,Ilias Akhomach,AT,Villarreal,76,71,50,86,57,77,60,50,60,50,50,56,50,63,50,50,50
66,Sergio Akieme,DF,Reims,67,71,50,93,28,83,50,50,50,50,60,76,60,100,50,50,50
67,Maghnes Akliouche,AT,Monaco,92,85,50,90,59,100,60,50,60,50,50,70,50,59,50,50,50
68,Clément Akpa,DF,Auxerre,63,86,50,87,55,74,50,50,50,50,60,100,60,100,50,50,50
69,Jean-Daniel Akpa-Akpro,MD,Monza,79,91,50,87,71,56,50,50,50,50,50,54,50,53,50,50,50
70,David Akpan Ankeye,AT,Genoa,83,83,50,75,50,50,60,50,60,50,50,50,50,51,50,50,50
71,Kevin Akpoguma,DF,Hoffenheim,66,76,50,95,59,68,50,50,50,50,60,92,60,100,50,50,50
72,Chuba Akpom,AT,Lille,70,70,50,82,66,59,60,50,60,50,50,50,50,52,50,50,50
73,David Alaba,DF,Real Madrid,79,85,50,100,38,50,50,50,50,50,60,60,60,54,50,50,50
74,Andreas Albers,AT,St. Pauli,73,72,50,55,50,56,60,50,60,50,50,50,50,51,50,50,50
75,Raúl Albiol,DF,Villarreal,65,82,50,94,66,50,50,50,50,50,60,62,60,100,50,50,50
76,Carlos Alcaraz,MD,Southampton,87,91,50,100,100,53,50,50,50,50,50,52,50,50,50,50,50
77,Carlos Alcaraz,AT,Everton,80,65,50,91,57,71,60,50,60,50,50,52,50,53,50,50,50
78,Omar Alderete,DF,Getafe,70,80,50,80,48,80,50,50,50,50,60,100,60,100,50,50,50
79,Carles Aleñá,AT,Getafe,86,84,50,81,54,59,60,50,60,50,50,50,50,57,50,50,50
80,Carles Aleñá,AT,Alavés,90,79,50,91,54,74,60,50,60,50,50,50,50,50,50,50,50
81,Trent Alexander-Arnold,DF,Liverpool,80,86,50,90,50,100,50,50,50,50,60,100,60,100,50,50,50
82,Alfon,AT,Celta Vigo,68,69,50,87,53,86,60,50,60,50,50,56,50,55,50,50,50
83,Mohamed Ali Cho,AT,Nice,89,73,50,84,40,100,60,50,60,50,50,56,50,58,50,50,50
84,Faride Alidou,AT,Hellas Verona,86,77,50,100,50,53,60,50,60,50,50,52,50,53,50,50,50
85,Alisson,GK,Liverpool,58,78,50,98,48,53,30,50,40,50,50,50,50,62,80,80,80
86,Tadeo Allende,AT,Celta Vigo,86,68,50,50,50,50,60,50,60,50,50,50,50,50,50,50,50
87,Jim Allevinah,AT,Angers,72,77,50,84,61,86,60,50,60,50,50,68,50,66,50,50,50
88,Thiago Almada,AT,Lyon,76,69,50,92,52,56,60,50,60,50,50,52,50,52,50,50,50
89,Domingos André Ribeiro Almeida,AT,Valencia,90,75,50,93,59,100,60,50,60,50,50,62,50,59,50,50,50
90,Iker Almena,AT,Girona,84,73,50,92,50,56,60,50,60,50,50,50,50,52,50,50,50
91,Miguel Almirón,AT,Newcastle Utd,88,75,50,92,33,59,60,50,60,50,50,50,50,50,50,50,50
92,Pontus Almqvist,AT,Parma,74,69,50,82,54,77,60,50,60,50,50,70,50,56,50,50,50
93,Marcos Alonso,DF,Celta Vigo,62,78,50,93,60,83,50,50,50,50,60,100,60,100,50,50,50
94,Giorgio Altare,DF,Venezia,72,71,50,81,32,53,50,50,50,50,60,84,60,99,50,50,50
95,Adrià Altimira,AT,Leganés,73,70,50,87,58,56,60,50,60,50,50,70,50,91,50,50,50
96,Sergi Altimira,MD,Betis,79,94,50,91,75,100,50,50,50,50,50,82,50,83,50,50,50
97,Edson Álvarez,MD,West Ham,77,95,50,89,73,83,50,50,50,50,50,80,50,86,50,50,50
98,Hugo Álvarez,MD,Celta Vigo,83,85,50,87,51,95,50,50,50,50,50,64,50,75,50,50,50
99,Julián Álvarez,AT,Atlético Madrid,80,78,50,82,45,100,60,50,60,50,50,50,50,59,50,50,50
100,Yeray Álvarez,DF,Athletic Club,66,70,50,89,53,59,50,50,50,50,60,100,60,100,50,50,50
101,Skelly Alvero,MD,Werder Bremen,69,94,50,82,60,50,50,50,50,50,50,54,50,60,50,50,50
102,Will Alves,AT,Leicester City,72,76,50,100,50,50,60,50,60,50,50,50,50,50,50,50,50
103,Selim Amallah,MD,Valladolid,85,95,50,92,56,77,50,50,50,50,50,64,50,53,50,50,50
104,Amath,AT,Valladolid,78,65,50,90,54,62,60,50,60,50,50,54,50,53,50,50,50
105,Jordan Amavi,DF,Brest,78,86,50,85,42,68,50,50,50,50,60,64,60,68,50,50,50
106,Aurele Amenda,DF,Eint Frankfurt,59,71,50,92,75,53,50,50,50,50,60,60,60,54,50,50,50
107,Kelvin Amian,DF,Nantes,63,86,50,91,50,77,50,50,50,50,60,64,60,100,50,50,50
108,Michael Amir Murillo,DF,Marseille,67,75,50,94,62,100,50,50,50,50,60,74,60,100,50,50,50
109,Nadiem Amiri,MD,Mainz 05,81,80,50,89,48,100,50,50,50,50,50,78,50,72,50,50,50
110,Samuel Amo-Ameyaw,AT,Southampton,69,73,50,100,50,53,60,50,60,50,50,50,50,50,50,50,50
111,Mathis Amougou,MD,Chelsea,75,79,50,100,50,50,50,50,50,50,50,50,50,50,50,50,50
112,Mathis Amougou,MD,Saint-Étienne,68,84,50,86,56,71,50,50,50,50,50,74,50,54,50,50,50
113,Mohamed Amoura,AT,Wolfsburg,69,75,50,73,79,100,60,50,60,50,50,68,50,68,50,50,50
114,Sofyan Amrabat,MD,Fiorentina,80,86,50,92,65,56,50,50,50,50,50,50,50,52,50,50,50
115,Joachim Andersen,DF,Crystal Palace,58,74,50,90,42,50,50,50,50,50,60,60,60,57,50,50,50
116,Joachim Andersen,DF,Fulham,75,74,50,91,57,59,50,50,50,50,60,98,60,100,50,50,50
117,Elliot Anderson,MD,Nott'ham Forest,87,81,50,89,48,100,50,50,50,50,50,92,50,99,50,50,50
118,André,MD,Wolves,68,89,50,95,80,83,50,50,50,50,50,94,50,76,50,50,50
119,Benjamin André,MD,Lille,65,95,50,88,66,89,50,50,50,50,50,100,50,90,50,50,50
120,Marcos André,AT,Valladolid,80,72,50,76,77,77,60,50,60,50,50,56,50,60,50,50,50
121,Robert Andrich,MD,Leverkusen,65,77,50,92,67,71,50,50,50,50,50,92,50,66,50,50,50
122,Angeliño,DF,Roma,72,78,50,89,54,100,50,50,50,50,60,96,60,100,50,50,50
123,Lorenzo Anghelè,AT,Juventus,75,76,50,100,100,50,60,50,60,50,50,50,50,50,50,50,50
124,Faustino Anjorin,MD,Empoli,87,90,50,85,57,98,50,50,50,50,50,72,50,69,50,50,50
125,Waldemar Anton,DF,Dortmund,70,73,50,95,70,62,50,50,50,50,60,74,60,100,50,50,50
126,Leandro Antonetti,AT,Sevilla,81,74,50,100,50,53,60,50,60,50,50,50,50,50,50,50,50
127,Michail Antonio,AT,West Ham,77,68,50,72,71,77,60,50,60,50,50,50,50,52,50,50,50
128,Antoniu,AT,Espanyol,68,78,50,81,20,68,60,50,60,50,50,56,50,54,50,50,50
129,Antony,MD,Manchester Utd,67,88,50,88,100,59,50,50,50,50,50,54,50,50,50,50,50
130,Antony,AT,Betis,88,73,50,85,61,83,60,50,60,50,50,60,50,56,50,50,50
131,Anuar,AT,Valladolid,79,77,50,84,55,65,60,50,60,50,50,70,50,62,50,50,50
132,Dennis Appiah,DF,Saint-Étienne,76,71,50,87,37,80,50,50,50,50,60,86,60,100,50,50,50
133,Aritz Arambarri,DF,Leganés,69,74,50,84,33,50,50,50,50,50,60,60,60,58,50,50,50
134,Mauro Arambarri,MD,Getafe,72,85,50,77,54,74,50,50,50,50,50,66,50,82,50,50,50
135,Jon Aramburu,DF,Real Sociedad,82,77,50,89,38,83,50,50,50,50,60,100,60,100,50,50,50
136,Julian Araujo,DF,Bournemouth,82,81,50,89,40,50,50,50,50,50,60,60,60,63,50,50,50
137,Ronald Araújo,DF,Barcelona,74,68,50,89,83,53,50,50,50,50,60,60,60,56,50,50,50
138,Cameron Archer,AT,Southampton,78,80,50,86,62,56,60,50,60,50,50,54,50,56,50,50,50
139,Carlens Arcus,DF,Angers,80,75,50,88,61,92,50,50,50,50,60,98,60,100,50,50,50
140,Alphonse Areola,GK,West Ham,51,68,50,98,45,50,30,50,40,50,50,50,50,58,80,80,80
141,Adu Ares,AT,Athletic Club,84,76,50,60,50,50,60,50,60,50,50,50,50,50,50,50,50
142,Jesús Areso,DF,Osasuna,66,88,50,88,46,100,50,50,50,50,60,64,60,100,50,50,50
143,David Argüelles,MD,Getafe,77,86,50,75,50,50,50,50,50,50,50,50,50,50,50,50,50
144,Joe Aribo,MD,Southampton,73,78,50,91,69,92,50,50,50,50,50,86,50,78,50,50,50
145,Adam Armstrong,AT,Southampton,77,79,50,87,46,77,60,50,60,50,50,56,50,58,50,50,50
146,Harrison Armstrong,MD,Everton,84,79,50,75,50,53,50,50,50,50,50,50,50,51,50,50,50
147,José Arnaiz,AT,Osasuna,68,67,50,88,33,56,60,50,60,50,50,52,50,51,50,50,50
148,Hákon Arnar Haraldsson,AT,Lille,81,66,50,86,64,100,60,50,60,50,50,62,50,54,50,50,50
149,Marko Arnautović,AT,Inter,81,66,50,80,50,62,60,50,60,50,50,52,50,51,50,50,50
150,Maximilian Arnold,MD,Wolfsburg,70,94,50,90,54,100,50,50,50,50,50,76,50,100,50,50,50
151,Jann-Fiete Arp,AT,Holstein Kiel,77,68,50,65,57,80,60,50,60,50,50,54,50,57,50,50,50
152,Sergio Arribas,DF,Betis,67,68,50,95,40,50,50,50,50,50,60,60,60,54,50,50,50
153,Kepa Arrizabalaga,GK,Bournemouth,60,80,50,96,48,53,30,50,40,50,50,50,50,59,80,80,80
154,Arthur,AT,Leverkusen,92,81,50,95,37,56,60,50,60,50,50,66,50,68,50,50,50
155,Takuma Asano,AT,Mallorca,69,72,50,78,9,56,60,50,60,50,50,60,50,56,50,50,50
156,Raúl Asencio,DF,Real Madrid,75,87,50,95,70,56,50,50,50,50,60,60,60,98,50,50,50
157,Marco Asensio,AT,Aston Villa,82,82,50,88,30,62,60,50,60,50,50,52,50,51,50,50,50
158,Marco Asensio,AT,Paris S-G,74,75,50,93,73,98,60,50,60,50,50,50,50,51,50,50,50
159,Kristjan Asllani,MD,Inter,65,89,50,95,70,89,50,50,50,50,50,60,50,59,50,50,50
160,Iago Aspas,AT,Celta Vigo,92,71,50,78,70,100,60,50,60,50,50,62,50,54,50,50,50
161,Yaser Asprilla,AT,Girona,83,66,50,88,50,98,60,50,60,50,50,56,50,54,50,50,50
162,Lorenz Assignon,MD,Rennes,80,84,50,84,50,100,50,50,50,50,50,88,50,100,50,50,50
163,Dehmaine Assoumani,AT,Nantes,91,75,50,91,50,62,60,50,60,50,50,52,50,53,50,50,50
164,Valentin Atangana Edoa,MD,Reims,72,88,50,93,42,77,50,50,50,50,50,100,50,86,50,50,50
165,Arthur Atta,AT,Udinese,69,76,50,84,57,74,60,50,60,50,50,52,50,55,50,50,50
166,Noah Atubolu,GK,Freiburg,55,77,50,99,48,50,30,50,40,50,50,50,50,62,80,80,80
167,Emil Audero,GK,Como,40,62,50,100,48,50,30,50,40,50,50,50,50,54,80,80,80
168,Tommaso Augello,AT,Cagliari,92,68,50,88,43,100,60,50,60,50,50,70,50,100,50,50,50
169,Carlos Augusto,AT,Inter,92,79,50,92,46,62,60,50,60,50,50,58,50,74,50,50,50
170,Yann Aurel Bisseck,DF,Inter,75,87,50,95,72,68,50,50,50,50,60,74,60,92,50,50,50
171,Brandon Austin,GK,Tottenham,42,78,50,100,37,50,30,50,40,50,50,50,50,51,80,80,80
172,Ezequiel Ávila,AT,Betis,77,84,50,80,57,95,60,50,60,50,50,54,50,56,50,50,50
173,Taiwo Awoniyi,AT,Nott'ham Forest,73,71,50,78,50,56,60,50,60,50,50,50,50,54,50,50,50
174,Yasin Ayari,MD,Brighton,67,92,50,91,35,100,50,50,50,50,50,82,50,68,50,50,50
175,Florian Ayé,AT,Auxerre,72,84,50,80,66,53,60,50,60,50,50,58,50,56,50,50,50
176,André Ayew,AT,Le Havre,71,66,50,82,50,56,60,50,60,50,50,54,50,64,50,50,50
177,Jordan Ayew,AT,Crystal Palace,70,75,50,100,100,53,60,50,60,50,50,50,50,50,50,50,50
178,Jordan Ayew,AT,Leicester City,75,75,50,85,33,86,60,50,60,50,50,70,50,66,50,50,50
179,Neil El Aynaoui,MD,Lens,73,83,50,92,59,83,50,50,50,50,50,72,50,65,50,50,50
180,Ayman Azhil,MD,Dortmund,75,76,50,100,50,50,50,50,50,50,50,50,50,50,50,50,50
181,Adam Aznou,MD,Valladolid,75,80,50,87,57,53,50,50,50,50,50,58,50,55,50,50,50
182,Adam Aznou,DF,Bayern Munich,70,79,50,90,50,50,50,50,50,50,60,60,60,51,50,50,50
183,César Azpilicueta,DF,Atlético Madrid,72,82,50,94,47,50,50,50,50,50,60,60,60,69,50,50,50
184,Paulo Azzi,DF,Cagliari,71,70,50,78,41,65,50,50,50,50,60,60,60,61,50,50,50
185,Oussama El Azzouzi,MD,Bologna,80,78,50,100,50,50,50,50,50,50,50,54,50,50,50,50,50
186,Papa Ba,MD,Girona,71,94,50,37,50,50,50,50,50,50,50,50,50,51,50,50,50
187,Shavy Babicka,AT,Toulouse,70,70,50,78,41,86,60,50,60,50,50,54,50,54,50,50,50
188,Jacopo Bacci,MD,Empoli,78,76,50,100,50,50,50,50,50,50,50,52,50,50,50,50,50
189,Aliou Badara Baldé,AT,Bochum,90,84,50,66,50,56,60,50,60,50,50,50,50,50,50,50,50
190,Loïc Bade,DF,Sevilla,66,86,50,94,52,59,50,50,50,50,60,92,60,100,50,50,50
191,Milan Badelj,MD,Genoa,81,86,50,85,51,86,50,50,50,50,50,86,50,91,50,50,50
192,Benoît Badiashile,DF,Chelsea,68,80,50,90,75,50,50,50,50,50,60,62,60,56,50,50,50
193,Alex Baena,AT,Villarreal,80,66,50,79,50,100,60,50,60,50,50,70,50,65,50,50,50
194,Juma Bah,DF,Valladolid,58,71,50,90,42,53,50,50,50,50,60,74,60,100,50,50,50
195,Juma Bah,DF,Lens,70,77,50,86,100,50,50,50,50,50,60,60,60,62,50,50,50
196,Leon Bailey,AT,Aston Villa,84,85,50,81,47,98,60,50,60,50,50,56,50,62,50,50,50
197,Eric Bailly,DF,Villarreal,58,85,50,95,55,50,50,50,50,50,60,62,60,76,50,50,50
198,Theo Bair,AT,Auxerre,75,83,50,68,60,80,60,50,60,50,50,54,50,56,50,50,50
199,Stefan Bajcetic,MD,Las Palmas,85,90,50,81,50,59,50,50,50,50,50,62,50,61,50,50,50
200,Cédric Bakambu,AT,Betis,85,65,50,71,100,74,60,50,60,50,50,50,50,54,50,50,50
201,Mitchel Bakker,MD,Atalanta,63,94,50,66,50,50,50,50,50,50,50,50,50,50,50,50,50
202,Mitchel Bakker,AT,Lille,86,72,50,88,63,100,60,50,60,50,50,70,50,63,50,50,50
203,Darryl Bakola,DF,Marseille,70,81,50,100,100,50,50,50,50,50,60,60,60,50,50,50,50
204,Ridle Baku,AT,Wolfsburg,74,78,50,81,66,89,60,50,60,50,50,70,50,65,50,50,50
205,Ridle Baku,MD,RB Leipzig,83,84,50,87,57,59,50,50,50,50,50,56,50,83,50,50,50
206,Dilane Bakwa,AT,Strasbourg,71,70,50,83,48,100,60,50,60,50,50,68,50,74,50,50,50
207,Tommaso Baldanzi,AT,Roma,77,67,50,89,28,68,60,50,60,50,50,58,50,56,50,50,50
208,Alejandro Balde,DF,Barcelona,77,85,50,92,59,100,50,50,50,50,60,60,60,72,50,50,50
209,Keita Baldé,AT,Monza,74,72,50,90,60,53,60,50,60,50,50,52,50,50,50,50,50
210,Carlos Baleba,MD,Brighton,84,81,50,92,68,98,50,50,50,50,50,100,50,74,50,50,50
211,Leonardo Balerdi,DF,Marseille,66,82,50,97,70,74,50,50,50,50,60,100,60,100,50,50,50
212,Iván Balliu,DF,Rayo Vallecano,82,72,50,89,35,65,50,50,50,50,60,64,60,72,50,50,50
213,Fodé Ballo-Touré,DF,Le Havre,79,75,50,95,58,50,50,50,50,50,60,60,60,59,50,50,50
214,Botond Balogh,DF,Parma,58,70,50,90,72,56,50,50,50,50,60,94,60,100,50,50,50
215,Folarin Balogun,AT,Monaco,72,81,50,78,40,68,60,50,60,50,50,50,50,50,50,50,50
216,Mario Balotelli,AT,Genoa,73,75,50,20,33,50,60,50,60,50,50,50,50,51,50,50,50
217,Abdoulaye Bamba,DF,Angers,78,82,50,89,61,68,50,50,50,50,60,74,60,100,50,50,50
218,Jonathan Bamba,AT,Celta Vigo,86,71,50,86,58,86,60,50,60,50,50,60,50,56,50,50,50
219,Mohamed Bamba,MD,Reims,74,82,50,87,100,50,50,50,50,50,50,50,50,51,50,50,50
220,Samuel Bamba,AT,Bochum,73,67,50,100,50,53,60,50,60,50,50,50,50,50,50,50,50
221,Lameck Banda,AT,Lecce,87,76,50,90,40,77,60,50,60,50,50,54,50,56,50,50,50
222,Daniel Bandeira,MD,Hellas Verona,83,95,50,87,51,59,50,50,50,50,50,62,50,58,50,50,50
223,Mattia Bani,DF,Genoa,62,86,50,89,65,56,50,50,50,50,60,88,60,100,50,50,50
224,Noahkai Banks,DF,Augsburg,78,86,50,92,88,50,50,50,50,50,60,60,60,77,50,50,50
225,Scott Banks,AT,St. Pauli,84,73,50,90,33,50,60,50,60,50,50,54,50,52,50,50,50
226,Adrian Baquerin,AT,Valladolid,87,69,50,50,50,50,60,50,60,50,50,50,50,50,50,50,50
227,Antonín Barák,MD,Fiorentina,67,75,50,80,50,59,50,50,50,50,50,50,50,50,50,50,50
228,Federico Barba,DF,Como,63,79,50,92,57,50,50,50,50,50,60,60,60,65,50,50,50
229,Valentín Barco,AT,Sevilla,81,81,50,87,43,68,60,50,60,50,50,54,50,55,50,50,50
230,Valentín Barco,DF,Strasbourg,71,88,50,90,47,53,50,50,50,50,60,60,60,61,50,50,50
231,Bradley Barcola,AT,Paris S-G,87,69,50,89,60,100,60,50,60,50,50,70,50,59,50,50,50
232,Melvin Bard,MD,Nice,75,88,50,91,42,74,50,50,50,50,50,84,50,89,50,50,50
233,Nicolò Barella,MD,Inter,67,76,50,89,65,100,50,50,50,50,50,70,50,61,50,50,50
234,Gabriel Bares,MD,Montpellier,82,75,50,89,57,50,50,50,50,50,50,52,50,53,50,50,50
235,Borna Barišić,DF,Leganés,72,73,50,100,50,50,50,50,50,50,60,60,60,50,50,50,50
236,Kike Barja,AT,Osasuna,92,80,50,77,45,65,60,50,60,50,50,56,50,54,50,50,50
237,Ross Barkley,MD,Aston Villa,71,88,50,88,72,74,50,50,50,50,50,68,50,55,50,50,50
238,Aymen Barkok,MD,Mainz 05,87,77,50,82,80,53,50,50,50,50,50,54,50,50,50,50,50
239,Harvey Barnes,AT,Newcastle Utd,68,74,50,85,58,83,60,50,60,50,50,60,50,56,50,50,50
240,Enzo Barrenechea,MD,Valencia,74,85,50,89,71,80,50,50,50,50,50,84,50,80,50,50,50
241,Ander Barrenetxea,AT,Real Sociedad,84,72,50,83,69,89,60,50,60,50,50,68,50,64,50,50,50
242,Pablo Barrios,MD,Atlético Madrid,71,78,50,92,60,100,50,50,50,50,50,96,50,74,50,50,50
243,Thierno Barry,AT,Villarreal,91,68,50,64,46,98,60,50,60,50,50,50,50,61,50,50,50
244,Davide Bartesaghi,DF,Milan,77,71,50,87,66,53,50,50,50,50,60,60,60,50,50,50,50
245,Marc Bartra,DF,Betis,74,77,50,93,49,50,50,50,50,50,60,98,60,100,50,50,50
246,Federico Baschirotto,DF,Lecce,65,78,50,90,70,59,50,50,50,50,60,88,60,100,50,50,50
247,Daniele Baselli,MD,Como,79,94,50,87,50,50,50,50,50,50,50,52,50,51,50,50,50
248,Calvin Bassey,DF,Fulham,65,86,50,94,62,56,50,50,50,50,60,80,60,100,50,50,50
249,Aboubacar Bassinga,MD,Las Palmas,87,86,50,100,33,50,50,50,50,50,50,50,50,50,50,50,50
250,Alessandro Bastoni,DF,Inter,76,84,50,95,68,100,50,50,50,50,60,92,60,96,50,50,50
251,Augusto Batalla,GK,Rayo Vallecano,44,69,50,98,39,50,30,50,40,50,50,50,50,56,80,80,80
252,Michy Batshuayi,AT,Eint Frankfurt,68,78,50,92,50,53,60,50,60,50,50,52,50,50,50,50,50
253,Dylan Batubinsika,DF,Saint-Étienne,72,79,50,96,62,62,50,50,50,50,60,100,60,100,50,50,50
254,Maximilian Bauer,DF,Augsburg,79,71,50,87,55,56,50,50,50,50,60,62,60,85,50,50,50
255,Oliver Baumann,GK,Hoffenheim,57,61,50,100,43,56,30,50,40,50,50,50,50,59,80,80,80
256,Christoph Baumgartner,MD,RB Leipzig,86,80,50,78,52,92,50,50,50,50,50,72,50,67,50,50,50
257,Rafael Bauza,MD,Espanyol,87,82,50,96,57,50,50,50,50,50,50,50,50,55,50,50,50
258,Adrian Beck,AT,Heidenheim,80,70,50,80,72,80,60,50,60,50,50,62,50,63,50,50,50
259,Sheraldo Becker,AT,Real Sociedad,76,68,50,77,46,74,60,50,60,50,50,52,50,59,50,50,50
260,Timo Becker,DF,Holstein Kiel,64,82,50,89,58,68,50,50,50,50,60,74,60,100,50,50,50
261,Jan Bednarek,DF,Southampton,61,72,50,95,76,62,50,50,50,50,60,100,60,100,50,50,50
262,Donny van de Beek,MD,Girona,72,87,50,90,65,92,50,50,50,50,50,68,50,60,50,50,50
263,Hannes Behrens,DF,Hoffenheim,70,69,50,83,66,50,50,50,50,50,60,60,60,50,50,50,50
264,Kevin Behrens,AT,Wolfsburg,77,65,50,67,60,53,60,50,60,50,50,52,50,52,50,50,50
265,Maximilian Beier,AT,Dortmund,85,70,50,76,57,95,60,50,60,50,50,60,50,62,50,50,50
266,Luken Beitia,DF,Real Sociedad,61,78,50,100,100,50,50,50,50,50,60,60,60,52,50,50,50
267,Ismael Bekhoucha,MD,Getafe,80,87,50,50,50,50,50,50,50,50,50,54,50,50,50,50,50
268,Reda Belahyane,MD,Hellas Verona,75,95,50,89,47,98,50,50,50,50,50,70,50,72,50,50,50
269,Reda Belahyane,MD,Lazio,77,91,50,89,100,50,50,50,50,50,50,50,50,50,50,50,50
270,Haris Belkebla,MD,Angers,80,79,50,91,73,65,50,50,50,50,50,100,50,91,50,50,50
271,Yassin Belkhdim,AT,Angers,89,74,50,89,60,56,60,50,60,50,50,70,50,72,50,50,50
272,Stefan Bell,DF,Mainz 05,68,82,50,86,50,65,50,50,50,50,60,98,60,100,50,50,50
273,Armel Bella Kotchap,DF,Southampton,75,75,50,97,35,50,50,50,50,50,60,60,60,67,50,50,50
274,Raoul Bellanova,DF,Torino,66,77,50,88,50,53,50,50,50,50,60,60,60,54,50,50,50
275,Raoul Bellanova,DF,Atalanta,63,78,50,89,46,100,50,50,50,50,60,80,60,75,50,50,50
276,Jean-Ricner Bellegarde,AT,Wolves,80,84,50,90,64,100,60,50,60,50,50,70,50,60,50,50,50
277,Héctor Bellerín,DF,Betis,66,68,50,90,47,71,50,50,50,50,60,62,60,68,50,50,50
278,Jude Bellingham,MD,Real Madrid,83,92,50,91,77,100,50,50,50,50,50,84,50,64,50,50,50
279,Jeanuël Belocian,MD,Leverkusen,85,84,50,96,50,50,50,50,50,50,50,50,50,52,50,50,50
280,Andrea Belotti,AT,Como,75,79,50,83,66,71,60,50,60,50,50,52,50,58,50,50,50
281,Fran Beltrán,MD,Celta Vigo,84,93,50,92,77,80,50,50,50,50,50,84,50,76,50,50,50
282,Lucas Beltrán,AT,Fiorentina,89,68,50,84,57,100,60,50,60,50,50,58,50,61,50,50,50
283,Eliesse Ben Seghir,AT,Monaco,70,74,50,87,46,100,60,50,60,50,50,68,50,52,50,50,50
284,Carlos Benavídez,MD,Alavés,84,89,50,82,53,56,50,50,50,50,50,66,50,57,50,50,50
285,Adrian Benedyczak,AT,Parma,70,76,50,65,60,53,60,50,60,50,50,50,50,58,50,50,50
286,László Bénes,AT,Union Berlin,79,78,50,79,50,100,60,50,60,50,50,54,50,56,50,50,50
287,Iker Benito,AT,Osasuna,76,66,50,66,50,53,60,50,60,50,50,52,50,52,50,50,50
288,Ismaël Bennacer,MD,Milan,85,82,50,93,66,62,50,50,50,50,50,56,50,51,50,50,50
289,Ismaël Bennacer,MD,Marseille,65,81,50,95,63,68,50,50,50,50,50,62,50,51,50,50,50
290,Saïd Benrahma,AT,Lyon,90,85,50,87,51,92,60,50,60,50,50,56,50,52,50,50,50
291,Ramy Bensebaini,DF,Dortmund,58,69,50,92,58,89,50,50,50,50,60,84,60,100,50,50,50
292,Nabil Bentaleb,AT,Lille,91,73,50,83,83,53,60,50,60,50,50,54,50,53,50,50,50
293,Rodrigo Bentancur,MD,Tottenham,85,91,50,92,70,74,50,50,50,50,50,100,50,75,50,50,50
294,Lucas Beraldo,DF,Paris S-G,67,87,50,96,79,65,50,50,50,50,60,86,60,89,50,50,50
295,Yuri Berchiche,DF,Athletic Club,59,68,50,90,67,100,50,50,50,50,60,84,60,89,50,50,50
296,Álex Berenguer,AT,Athletic Club,72,74,50,86,35,100,60,50,60,50,50,66,50,60,50,50,50
297,Sander Berge,MD,Fulham,86,86,50,90,86,95,50,50,50,50,50,86,50,78,50,50,50
298,Lucas Bergvall,MD,Tottenham,73,87,50,91,80,68,50,50,50,50,50,82,50,67,50,50,50
299,Medon Berisha,MD,Lecce,87,91,50,90,64,68,50,50,50,50,50,60,50,54,50,50,50
300,Mergim Berisha,AT,Hoffenheim,78,79,50,85,33,59,60,50,60,50,50,50,50,53,50,50,50
301,Adrian Bernabe,MD,Parma,79,90,50,90,66,100,50,50,50,50,50,62,50,70,50,50,50
302,Marc Bernal,MD,Barcelona,82,91,50,93,90,53,50,50,50,50,50,52,50,54,50,50,50
303,Bernardo,DF,Bochum,64,88,50,82,59,62,50,50,50,50,60,84,60,100,50,50,50
304,Juan Bernat,MD,Villarreal,70,80,50,88,16,62,50,50,50,50,50,52,50,54,50,50,50
305,Juan Bernat,MD,Getafe,73,79,50,80,50,56,50,50,50,50,50,52,50,56,50,50,50
306,Maxime Bernauer,DF,Saint-Étienne,79,84,50,85,100,50,50,50,50,50,60,60,60,50,50,50,50
307,Antoine Bernede,AT,Hellas Verona,72,83,50,86,33,53,60,50,60,50,50,54,50,51,50,50,50
308,Alexander Bernhardsson,MD,Holstein Kiel,74,84,50,70,40,80,50,50,50,50,50,50,50,62,50,50,50
309,Victor Bernth Kristiansen,DF,Leicester City,63,71,50,89,43,100,50,50,50,50,60,100,60,100,50,50,50
310,Matúš Bero,MD,Bochum,75,84,50,85,41,100,50,50,50,50,50,78,50,77,50,50,50
311,Juan Berrocal,DF,Getafe,82,85,50,89,42,53,50,50,50,50,60,70,60,90,50,50,50
312,Dimitry Bertaud,GK,Montpellier,54,65,50,100,46,50,30,50,40,50,50,50,50,52,80,80,80
313,Jan-Niklas Beste,AT,Freiburg,75,65,50,81,50,53,60,50,60,50,50,52,50,52,50,50,50
314,Beto,AT,Everton,92,75,50,67,100,68,60,50,60,50,50,52,50,62,50,50,50
315,Sam Beukema,DF,Bologna,68,70,50,88,60,77,50,50,50,50,60,92,60,100,50,50,50
316,Alessandro Bianco,MD,Monza,78,79,50,87,71,92,50,50,50,50,50,72,50,87,50,50,50
317,Alessandro Bianco,MD,Fiorentina,72,86,50,60,100,50,50,50,50,50,50,50,50,50,50,50,50
318,Mika Biereth,AT,Monaco,74,74,50,69,85,83,60,50,60,50,50,54,50,55,50,50,50
319,Jaka Bijol,DF,Udinese,73,76,50,85,56,77,50,50,50,50,60,100,60,100,50,50,50
320,El Bilal Touré,AT,Stuttgart,76,78,50,78,100,71,60,50,60,50,50,50,50,51,50,50,50
321,Philip Billing,MD,Bournemouth,68,90,50,84,26,77,50,50,50,50,50,60,50,52,50,50,50
322,Philip Billing,MD,Napoli,82,83,50,66,100,56,50,50,50,50,50,52,50,51,50,50,50
323,Cristiano Biraghi,DF,Torino,66,85,50,89,43,65,50,50,50,50,60,60,60,70,50,50,50
324,Cristiano Biraghi,DF,Fiorentina,74,69,50,93,51,68,50,50,50,50,60,60,60,61,50,50,50
325,Samuele Birindelli,MD,Monza,76,93,50,87,51,77,50,50,50,50,50,62,50,68,50,50,50
326,Tom Bischof,AT,Hoffenheim,87,79,50,88,55,100,60,50,60,50,50,70,50,83,50,50,50
327,Yves Bissouma,MD,Tottenham,70,91,50,93,60,65,50,50,50,50,50,76,50,80,50,50,50
328,Leonardo Bittencourt,MD,Werder Bremen,87,84,50,91,62,83,50,50,50,50,50,72,50,60,50,50,50
329,Emmanuel Biumla,DF,Angers,80,76,50,86,59,53,50,50,50,50,60,66,60,100,50,50,50
330,Marco Bizot,GK,Brest,43,67,50,98,48,50,30,50,40,50,50,50,50,69,80,80,80
331,Bjarki Bjarkason,MD,Venezia,83,94,50,91,80,53,50,50,50,50,50,54,50,54,50,50,50
332,Antonio Blanco,MD,Alavés,67,92,50,82,60,86,50,50,50,50,50,100,50,85,50,50,50
333,Ludovic Blas,AT,Rennes,74,65,50,87,51,100,60,50,60,50,50,70,50,59,50,50,50
334,Daley Blind,DF,Girona,77,88,50,94,71,74,50,50,50,50,60,88,60,100,50,50,50
335,Myron Boadu,AT,Bochum,74,74,50,75,100,65,60,50,60,50,50,50,50,53,50,50,50
336,Augustine Boakye,AT,Saint-Étienne,68,71,50,79,66,89,60,50,60,50,50,62,50,54,50,50,50
337,Mathéo Bodmer,MD,Le Havre,68,90,50,50,50,50,50,50,50,50,50,50,50,51,50,50,50
338,Sacha Boey,DF,Bayern Munich,78,77,50,95,58,56,50,50,50,50,60,60,60,57,50,50,50
339,Jeremie Boga,AT,Nice,85,77,50,86,61,95,60,50,60,50,50,54,50,52,50,50,50
340,Lamare Bogarde,MD,Aston Villa,82,91,50,92,33,56,50,50,50,50,50,52,50,63,50,50,50
341,Emil Bohinen,MD,Genoa,77,95,50,78,80,59,50,50,50,50,50,52,50,56,50,50,50
342,Adama Boiro,DF,Athletic Club,73,78,50,92,35,56,50,50,50,50,60,66,60,74,50,50,50
343,Willy Boly,DF,Nott'ham Forest,79,80,50,94,28,50,50,50,50,50,60,60,60,62,50,50,50
344,Moïse Bombito,DF,Nice,70,80,50,93,68,53,50,50,50,50,60,72,60,100,50,50,50
345,Warren Bondo,MD,Monza,79,91,50,92,65,65,50,50,50,50,50,60,50,58,50,50,50
346,Warren Bondo,MD,Milan,70,93,50,89,100,50,50,50,50,50,50,50,50,52,50,50,50
347,Victor Boniface,AT,Leverkusen,87,85,50,74,77,74,60,50,60,50,50,50,50,54,50,50,50
348,Kevin Bonifazi,DF,Lecce,76,85,50,100,40,50,50,50,50,50,60,60,60,53,50,50,50
349,Ange-Yoan Bonny,AT,Parma,81,67,50,81,74,100,60,50,60,50,50,52,50,60,50,50,50
350,Sebastiaan Bornauw,DF,Wolfsburg,81,78,50,87,43,53,50,50,50,50,60,70,60,80,50,50,50
351,Sven Botman,DF,Newcastle Utd,61,70,50,84,66,50,50,50,50,50,60,60,60,62,50,50,50
352,Saïmon Bouabré,AT,Monaco,70,72,50,80,50,50,60,50,60,50,50,50,50,50,50,50,50
353,Ayyoub Bouaddi,MD,Lille,82,77,50,90,90,65,50,50,50,50,50,70,50,59,50,50,50
354,Badredine Bouanani,AT,Nice,84,85,50,86,57,83,60,50,60,50,50,62,50,54,50,50,50
355,Benjamin Bouchouari,MD,Saint-Étienne,63,82,50,91,70,92,50,50,50,50,50,82,50,60,50,50,50
356,Hicham Boudaoui,MD,Nice,66,80,50,88,67,77,50,50,50,50,50,86,50,85,50,50,50
357,Carlo Boukhalfa,MD,St. Pauli,78,90,50,76,30,65,50,50,50,50,50,72,50,69,50,50,50
358,Justin Bourgault,DF,Brest,76,76,50,88,44,53,50,50,50,50,60,60,60,51,50,50,50
359,Benjamin Bourigeaud,MD,Rennes,69,87,50,93,40,50,50,50,50,50,50,54,50,51,50,50,50
360,Edoardo Bove,AT,Fiorentina,80,76,50,87,75,83,60,50,60,50,50,62,50,58,50,50,50
361,Jarrod Bowen,AT,West Ham,86,70,50,82,48,100,60,50,60,50,50,70,50,69,50,50,50
362,Enzo Boyomo,DF,Osasuna,63,80,50,92,59,59,50,50,50,50,60,100,60,100,50,50,50
363,Enzo Boyomo,DF,Valladolid,78,88,50,97,57,50,50,50,50,50,60,60,60,57,50,50,50
364,Domagoj Bradarić,DF,Hellas Verona,60,83,50,85,46,95,50,50,50,50,60,66,60,85,50,50,50
365,Conor Bradley,DF,Liverpool,72,84,50,92,31,50,50,50,50,50,60,60,60,66,50,50,50
366,Bilal Brahimi,MD,Nice,69,91,50,93,50,53,50,50,50,50,50,50,50,52,50,50,50
367,Julian Brandt,MD,Dortmund,67,95,50,87,53,100,50,50,50,50,50,68,50,57,50,50,50
368,Jarrad Branthwaite,DF,Everton,61,73,50,88,51,56,50,50,50,50,60,98,60,100,50,50,50
369,Darko Brašanac,MD,Leganés,63,81,50,88,43,68,50,50,50,50,50,76,50,81,50,50,50
370,Lilian Brassier,DF,Marseille,60,81,50,95,41,53,50,50,50,50,60,68,60,78,50,50,50
371,Lilian Brassier,DF,Rennes,80,83,50,88,60,56,50,50,50,50,60,82,60,79,50,50,50
372,Matthias Braunöder,MD,Como,73,95,50,93,62,50,50,50,50,50,50,54,50,54,50,50,50
373,Iker Bravo,AT,Udinese,75,84,50,84,50,68,60,50,60,50,50,50,50,54,50,50,50
374,James Bree,DF,Southampton,74,79,50,90,51,80,50,50,50,50,60,66,60,74,50,50,50
375,Tim Breithaupt,MD,Augsburg,86,95,50,83,75,53,50,50,50,50,50,54,50,50,50,50,50
376,Gleison Bremer,DF,Juventus,68,78,50,95,80,50,50,50,50,50,60,62,60,66,50,50,50
377,Brenner,AT,Udinese,76,82,50,91,57,65,60,50,60,50,50,52,50,56,50,50,50
378,Ben Brereton,AT,Southampton,88,75,50,87,63,59,60,50,60,50,50,50,50,54,50,50,50
379,Marco Brescianini,MD,Atalanta,70,87,50,90,30,68,50,50,50,50,50,54,50,54,50,50,50
380,Maximilian Breunig,AT,Heidenheim,79,76,50,51,83,62,60,50,60,50,50,52,50,53,50,50,50
381,Anthony Briançon,DF,Saint-Étienne,74,70,50,50,50,50,50,50,50,50,60,60,60,50,50,50,50
382,Nathan Broadhead,AT,Ipswich Town,87,82,50,91,22,65,60,50,60,50,50,58,50,55,50,50,50
383,Armando Broja,AT,Everton,90,82,50,85,50,56,60,50,60,50,50,50,50,53,50,50,50
384,David Brooks,AT,Bournemouth,76,85,50,84,33,86,60,50,60,50,50,58,50,57,50,50,50
385,Arvid Brorsson,DF,Monza,59,77,50,80,57,50,50,50,50,50,60,60,60,63,50,50,50
386,Moritz Broschinski,AT,Bochum,91,68,50,76,47,77,60,50,60,50,50,52,50,67,50,50,50
387,Nathaniel Brown,MD,Eint Frankfurt,85,82,50,93,46,100,50,50,50,50,50,68,50,87,50,50,50
388,Jacob Bruun Larsen,AT,Hoffenheim,72,77,50,84,50,74,60,50,60,50,50,52,50,52,50,50,50
389,Jacob Bruun Larsen,MD,Stuttgart,85,88,50,81,50,74,50,50,50,50,50,52,50,53,50,50,50
390,Tajon Buchanan,AT,Inter,80,74,50,96,50,53,60,50,60,50,50,50,50,53,50,50,50
391,Tajon Buchanan,AT,Villarreal,88,73,50,63,20,50,60,50,60,50,50,52,50,51,50,50,50
392,Ante Budimir,AT,Osasuna,85,70,50,65,50,83,60,50,60,50,50,52,50,63,50,50,50
393,Emi Buendía,AT,Aston Villa,91,84,50,91,20,53,60,50,60,50,50,50,50,52,50,50,50
394,Emi Buendía,AT,Leverkusen,69,69,50,85,42,62,60,50,60,50,50,50,50,50,50,50,50
395,Manu Bueno,MD,Sevilla,64,95,50,91,75,50,50,50,50,50,50,50,50,52,50,50,50
396,Santiago Bueno,DF,Wolves,80,77,50,92,56,50,50,50,50,50,60,78,60,100,50,50,50
397,Endika Buján,AT,Athletic Club,82,78,50,100,50,50,60,50,60,50,50,50,50,50,50,50,50
398,Marius Bülter,AT,Hoffenheim,72,68,50,78,48,92,60,50,60,50,50,52,50,55,50,50,50
399,Facundo Buonanotte,AT,Leicester City,82,71,50,84,49,100,60,50,60,50,50,70,50,60,50,50,50
400,Alessandro Buongiorno,DF,Napoli,69,81,50,93,58,62,50,50,50,50,60,100,60,100,50,50,50
401,Cameron Burgess,DF,Ipswich Town,78,76,50,90,47,59,50,50,50,50,60,68,60,100,50,50,50
402,Jonathan Burkardt,AT,Mainz 05,77,78,50,75,67,89,60,50,60,50,50,52,50,63,50,50,50
403,Oliver Burke,AT,Werder Bremen,71,74,50,72,22,68,60,50,60,50,50,54,50,54,50,50,50
404,Dan Burn,DF,Newcastle Utd,65,86,50,91,61,62,50,50,50,50,60,82,60,100,50,50,50
405,Rareș-Cătălin Burnete,AT,Lecce,84,69,50,80,50,50,60,50,60,50,50,50,50,50,50,50,50
406,Wes Burns,AT,Ipswich Town,92,72,50,80,38,80,60,50,60,50,50,70,50,63,50,50,50
407,Marnon Busch,DF,Heidenheim,64,76,50,85,55,80,50,50,50,50,60,66,60,89,50,50,50
408,Gianluca Busio,MD,Venezia,67,94,50,83,63,100,50,50,50,50,50,72,50,86,50,50,50
409,Aurélio Buta,DF,Reims,75,86,50,88,58,74,50,50,50,50,60,84,60,93,50,50,50
410,Jean Butez,GK,Como,60,76,50,98,53,50,30,50,40,50,50,50,50,57,80,80,80
411,Marcin Bułka,GK,Nice,44,68,50,98,54,53,30,50,40,50,50,50,50,61,80,80,80
412,Pau Cabanes,AT,Villarreal,77,67,50,82,33,62,60,50,60,50,50,56,50,52,50,50,50
413,Pau Cabanes,MD,Alavés,76,84,50,80,50,50,50,50,50,50,50,50,50,50,50,50,50
414,Rémy Cabella,AT,Lille,76,72,50,89,52,100,60,50,60,50,50,66,50,54,50,50,50
415,Leandro Cabrera,DF,Espanyol,62,84,50,86,42,68,50,50,50,50,60,96,60,100,50,50,50
416,Liberato Cacace,MD,Empoli,85,90,50,83,39,98,50,50,50,50,50,72,50,95,50,50,50
417,Anthony Caci,DF,Mainz 05,58,70,50,84,51,100,50,50,50,50,60,82,60,89,50,50,50
418,Mathieu Cafaro,AT,Saint-Étienne,74,84,50,80,40,89,60,50,60,50,50,64,50,53,50,50,50
419,Moisés Caicedo,MD,Chelsea,64,79,50,92,75,100,50,50,50,50,50,100,50,88,50,50,50
420,Tom Cairney,MD,Fulham,85,77,50,94,78,74,50,50,50,50,50,58,50,51,50,50,50
421,Jens Cajuste,MD,Ipswich Town,75,90,50,88,48,74,50,50,50,50,50,88,50,71,50,50,50
422,Davide Calabria,DF,Bologna,69,81,50,84,56,77,50,50,50,50,60,60,60,54,50,50,50
423,Davide Calabria,DF,Milan,72,78,50,92,57,53,50,50,50,50,60,66,60,58,50,50,50
424,Riccardo Calafiori,DF,Arsenal,76,74,50,91,72,68,50,50,50,50,60,68,60,74,50,50,50
425,Luca Caldirola,DF,Monza,76,76,50,93,67,50,50,50,50,50,60,60,60,72,50,50,50
426,Fernando Calero,MD,Espanyol,66,88,50,95,67,53,50,50,50,50,50,72,50,75,50,50,50
427,Duje Ćaleta-Car,DF,Lyon,72,70,50,92,69,56,50,50,50,50,60,76,60,100,50,50,50
428,Hakan Çalhanoğlu,MD,Inter,81,90,50,92,71,100,50,50,50,50,50,76,50,62,50,50,50
429,Dominic Calvert-Lewin,AT,Everton,76,71,50,70,37,71,60,50,60,50,50,62,50,68,50,50,50
430,Drissa Camara,AT,Parma,69,67,50,85,40,56,60,50,60,50,50,54,50,51,50,50,50
431,Issiaga Camara,MD,Nice,67,79,50,100,50,50,50,50,50,50,50,56,50,50,50,50,50
432,Lamine Camara,MD,Monaco,69,81,50,87,61,100,50,50,50,50,50,96,50,72,50,50,50
433,Mahdi Camara,MD,Brest,75,89,50,89,57,100,50,50,50,50,50,94,50,71,50,50,50
434,Francesco Camarda,AT,Milan,70,84,50,91,50,56,60,50,60,50,50,50,50,53,50,50,50
435,Eduardo Camavinga,MD,Real Madrid,80,87,50,93,62,74,50,50,50,50,50,66,50,63,50,50,50
436,Nicolò Cambiaghi,AT,Bologna,77,85,50,87,50,65,60,50,60,50,50,54,50,51,50,50,50
437,Andrea Cambiaso,AT,Juventus,84,73,50,94,77,100,60,50,60,50,50,70,50,75,50,50,50
438,Axel Camblan,AT,Brest,78,69,50,40,50,50,60,50,60,50,50,50,50,50,50,50,50
439,Sergio Camello,AT,Rayo Vallecano,71,75,50,84,77,100,60,50,60,50,50,58,50,66,50,50,50
440,José Campaña,MD,Las Palmas,80,84,50,92,70,74,50,50,50,50,50,84,50,63,50,50,50
441,Thomas Campaniello,AT,Empoli,69,76,50,60,50,50,60,50,60,50,50,50,50,50,50,50,50
442,Cole Campbell,AT,Dortmund,76,74,50,88,100,50,60,50,60,50,50,50,50,51,50,50,50
443,Emre Can,MD,Dortmund,72,85,50,94,67,62,50,50,50,50,50,80,50,100,50,50,50
444,Peio Canales,AT,Athletic Club,75,73,50,90,33,56,60,50,60,50,50,52,50,51,50,50,50
445,Matteo Cancellieri,AT,Parma,92,69,50,75,32,83,60,50,60,50,50,70,50,81,50,50,50
446,Fali Candé,DF,Venezia,81,73,50,95,43,56,50,50,50,50,60,60,60,85,50,50,50
447,Antonio Candela,DF,Venezia,80,71,50,86,42,77,50,50,50,50,60,66,60,72,50,50,50
448,Antonio Candela,DF,Valladolid,71,83,50,93,47,53,50,50,50,50,60,60,60,58,50,50,50
449,Sergi Canós,AT,Valencia,87,84,50,80,26,62,60,50,60,50,50,60,50,54,50,50,50
450,Jaydee Canvot,MD,Toulouse,85,88,50,92,57,59,50,50,50,50,50,64,50,74,50,50,50
451,Pierrick Capelle,MD,Angers,65,75,50,86,52,65,50,50,50,50,50,68,50,55,50,50,50
452,Gianluca Caprari,AT,Monza,72,65,50,91,52,100,60,50,60,50,50,56,50,52,50,50,50
453,Elia Caprile,GK,Cagliari,55,72,50,100,44,50,30,50,40,50,50,50,50,51,80,80,80
454,Elia Caprile,GK,Napoli,60,78,50,100,60,50,30,50,40,50,50,50,50,52,80,80,80
455,Gabin Capuano,AT,Lens,78,74,50,100,50,50,60,50,60,50,50,50,50,50,50,50,50
456,Francesco Caputo,AT,Empoli,74,67,50,100,50,50,60,50,60,50,50,50,50,50,50,50,50
457,Maxence Caqueret,MD,Como,72,92,50,85,80,65,50,50,50,50,50,50,50,54,50,50,50
458,Maxence Caqueret,MD,Lyon,71,95,50,84,60,80,50,50,50,50,50,64,50,52,50,50,50
459,Simon Cara,MD,Montpellier,68,91,50,66,50,50,50,50,50,50,50,50,50,50,50,50,50
460,Andrea Carboni,DF,Monza,82,73,50,92,59,62,50,50,50,50,60,92,60,100,50,50,50
461,Franco Carboni,DF,Venezia,71,75,50,85,33,56,50,50,50,50,60,60,60,61,50,50,50
462,Valentin Carboni,AT,Marseille,68,80,50,94,75,59,60,50,60,50,50,52,50,51,50,50,50
463,Cárdenas,GK,Rayo Vallecano,52,70,50,100,30,50,30,50,40,50,50,50,50,53,80,80,80
464,Irvin Cardona,AT,Espanyol,77,74,50,76,28,77,60,50,60,50,50,58,50,60,50,50,50
465,Irvin Cardona,AT,Saint-Étienne,69,66,50,80,50,62,60,50,60,50,50,52,50,51,50,50,50
466,Marc Cardona,AT,Las Palmas,88,65,50,93,100,50,60,50,60,50,50,50,50,50,50,50,50
467,Sergi Cardona,DF,Villarreal,58,73,50,87,44,100,50,50,50,50,60,100,60,100,50,50,50
468,Johnny Cardoso,MD,Betis,82,77,50,90,64,71,50,50,50,50,50,100,50,97,50,50,50
469,Tiago Cardoso,GK,Gladbach,59,66,50,100,50,50,30,50,40,50,50,50,50,50,80,80,80
470,Patrik Carlgren,GK,Nantes,61,71,50,100,48,50,30,50,40,50,50,50,50,50,80,80,80
471,Diego Carlos,DF,Aston Villa,58,78,50,91,65,50,50,50,50,50,60,60,60,86,50,50,50
472,Carmona,DF,Sevilla,59,84,50,87,50,83,50,50,50,50,60,100,60,100,50,50,50
473,Marco Carnesecchi,GK,Atalanta,51,67,50,100,45,53,30,50,40,50,50,50,50,66,80,80,80
474,Sergio Carreira,MD,Celta Vigo,72,86,50,87,48,80,50,50,50,50,50,66,50,72,50,50,50
475,Dani Carvajal,DF,Real Madrid,78,84,50,92,74,65,50,50,50,50,60,70,60,69,50,50,50
476,Fabio Carvalho,AT,Brentford,76,83,50,83,38,62,60,50,60,50,50,56,50,52,50,50,50
477,William Carvalho,MD,Betis,67,89,50,90,58,53,50,50,50,50,50,56,50,54,50,50,50
478,Cesare Casadei,MD,Torino,72,77,50,85,46,56,50,50,50,50,50,54,50,58,50,50,50
479,Marc Casado,MD,Barcelona,82,75,50,92,66,77,50,50,50,50,50,94,50,71,50,50,50
480,Nicolò Casale,DF,Bologna,60,70,50,88,80,56,50,50,50,50,60,68,60,83,50,50,50
481,Nicolò Casale,DF,Lazio,78,69,50,90,76,50,50,50,50,50,60,60,60,52,50,50,50
482,Casemiro,MD,Manchester Utd,69,85,50,87,60,100,50,50,50,50,50,70,50,87,50,50,50
483,Kaelan Casey,DF,West Ham,63,85,50,50,50,50,50,50,50,50,60,60,60,51,50,50,50
484,Matty Cash,AT,Aston Villa,74,85,50,89,44,77,60,50,60,50,50,70,50,88,50,50,50
485,Josué Casimir,AT,Le Havre,82,76,50,84,47,89,60,50,60,50,50,54,50,76,50,50,50
486,Federico Cassa,AT,Atalanta,81,73,50,100,50,50,60,50,60,50,50,50,50,50,50,50,50
487,Cristian Cásseres Jr.,MD,Toulouse,83,81,50,82,50,100,50,50,50,50,50,100,50,81,50,50,50
488,Timothy Castagne,DF,Fulham,61,79,50,90,47,74,50,50,50,50,60,82,60,100,50,50,50
489,Valentín Castellanos,AT,Lazio,69,80,50,73,47,100,60,50,60,50,50,60,50,69,50,50,50
490,Jean-Charles Castelletto,MD,Nantes,66,76,50,93,61,56,50,50,50,50,50,94,50,100,50,50,50
491,Santiago Castro,AT,Bologna,69,85,50,81,73,100,60,50,60,50,50,56,50,69,50,50,50
492,Gaetano Castrovilli,AT,Monza,77,66,50,91,25,53,60,50,60,50,50,54,50,53,50,50,50
493,Gaetano Castrovilli,AT,Lazio,91,72,50,82,100,56,60,50,60,50,50,56,50,51,50,50,50
494,Danilo Cataldi,MD,Fiorentina,82,92,50,89,51,80,50,50,50,50,50,80,50,70,50,50,50
495,Catena,DF,Osasuna,71,76,50,90,52,59,50,50,50,50,60,94,60,100,50,50,50
496,Maximiliano Caufriez,DF,Valencia,65,84,50,100,50,50,50,50,50,50,60,60,60,54,50,50,50
497,Dani Ceballos,MD,Real Madrid,64,75,50,97,79,92,50,50,50,50,50,76,50,56,50,50,50
498,Abdoulie Ceesay,AT,St. Pauli,86,83,50,66,50,50,60,50,60,50,50,50,50,51,50,50,50
499,Zeki Çelik,DF,Roma,70,85,50,89,57,92,50,50,50,50,60,68,60,100,50,50,50
500,Fabien Centonze,DF,Nantes,74,85,50,92,60,59,50,50,50,50,60,60,60,57,50,50,50
501,Alberto Cerri,AT,Como,90,67,50,62,100,50,60,50,60,50,50,50,50,51,50,50,50
502,Franco Cervi,AT,Celta Vigo,68,73,50,78,36,65,60,50,60,50,50,66,50,56,50,50,50
503,Julian Chabot,DF,Stuttgart,64,76,50,94,60,65,50,50,50,50,60,100,60,100,50,50,50
504,El Chadaille Bitshiabu,DF,RB Leipzig,62,71,50,90,56,62,50,50,50,50,60,64,60,95,50,50,50
505,Fares Chaïbi,AT,Eint Frankfurt,87,85,50,84,37,100,60,50,60,50,50,64,50,73,50,50,50
506,Trevoh Chalobah,DF,Crystal Palace,60,69,50,88,51,62,50,50,50,50,60,88,60,100,50,50,50
507,Trevoh Chalobah,DF,Chelsea,80,74,50,95,65,56,50,50,50,50,60,62,60,62,50,50,50
508,Timothy Chandler,DF,Eint Frankfurt,66,85,50,83,50,50,50,50,50,50,60,60,60,52,50,50,50
509,Conor Chaplin,AT,Ipswich Town,75,74,50,84,35,68,60,50,60,50,50,56,50,52,50,50,50
510,Brendan Chardonnet,DF,Brest,60,83,50,91,52,65,50,50,50,50,60,98,60,100,50,50,50
511,Gabriel Charpentier,AT,Parma,78,76,50,69,100,71,60,50,60,50,50,50,50,59,50,50,50
512,Raúl Chasco,DF,Valladolid,65,74,50,78,43,53,50,50,50,50,60,60,60,52,50,50,50
513,Anrie Chase,DF,Stuttgart,68,73,50,96,66,50,50,50,50,50,60,68,60,85,50,50,50
514,Pep Chavarría,DF,Rayo Vallecano,68,85,50,90,52,86,50,50,50,50,60,90,60,100,50,50,50
515,Arthur Chaves,DF,Hoffenheim,68,85,50,89,37,62,50,50,50,50,60,98,60,100,50,50,50
516,Jhoanner Chávez,MD,Lens,80,75,50,86,50,77,50,50,50,50,50,62,50,63,50,50,50
517,Walid Cheddira,AT,Napoli,69,73,50,50,50,53,60,50,60,50,50,50,50,50,50,50,50
518,Walid Cheddira,AT,Espanyol,68,65,50,78,40,68,60,50,60,50,50,52,50,56,50,50,50
519,Chema,MD,Real Madrid,69,77,50,50,50,50,50,50,50,50,50,50,50,51,50,50,50
520,Théo Chennahi,MD,Montpellier,72,95,50,100,50,50,50,50,50,50,50,50,50,50,50,50,50
521,Sidiki Cherif,AT,Angers,92,65,50,60,50,56,60,50,60,50,50,50,50,50,50,50,50
522,Rayan Cherki,AT,Lyon,92,73,50,89,47,100,60,50,60,50,50,60,50,56,50,50,50
523,Lucas Chevalier,GK,Lille,49,65,50,100,49,53,30,50,40,50,50,50,50,56,80,80,80
524,Fabio Chiarodia,DF,Gladbach,77,79,50,87,100,50,50,50,50,50,60,60,60,62,50,50,50
525,Julián Chicco,MD,Leganés,75,75,50,82,66,53,50,50,50,50,50,54,50,53,50,50,50
526,Leandro Chichizola,GK,Parma,53,73,50,100,35,50,30,50,40,50,50,50,50,52,80,80,80
527,Federico Chiesa,AT,Liverpool,76,76,50,91,100,50,60,50,60,50,50,50,50,50,50,50,50
528,Ben Chilwell,MD,Crystal Palace,85,86,50,92,20,53,50,50,50,50,50,50,50,56,50,50,50
529,Chiquinho,MD,Wolves,79,86,50,100,100,53,50,50,50,50,50,50,50,50,50,50,50
530,Chiquinho,AT,Mallorca,88,80,50,86,28,56,60,50,60,50,50,54,50,50,50,50,50
531,Pedro Chirivella,MD,Nantes,70,95,50,90,62,89,50,50,50,50,50,78,50,87,50,50,50
532,Joris Chotard,MD,Montpellier,81,91,50,88,65,65,50,50,50,50,50,78,50,94,50,50,50
533,Hamza Choudhury,MD,Leicester City,67,85,50,94,50,56,50,50,50,50,50,60,50,52,50,50,50
534,Andreas Christensen,DF,Barcelona,79,80,50,80,50,50,50,50,50,50,60,60,60,52,50,50,50
535,Ryan Christie,MD,Bournemouth,80,87,50,88,50,100,50,50,50,50,50,100,50,98,50,50,50
536,Carney Chukwuemeka,AT,Dortmund,91,78,50,77,50,53,60,50,60,50,50,50,50,51,50,50,50
537,Samuel Chukwueze,AT,Milan,69,65,50,87,48,100,60,50,60,50,50,54,50,57,50,50,50
538,Aaron Ciammaglichella,MD,Torino,80,83,50,50,50,50,50,50,50,50,50,50,50,50,50,50,50
539,Jasper Cillessen,GK,Las Palmas,48,70,50,98,36,50,30,50,40,50,50,50,50,60,80,80,80
540,Alessandro Circati,DF,Parma,67,84,50,85,65,50,50,50,50,50,60,60,60,79,50,50,50
541,Pathé Ciss,MD,Rayo Vallecano,63,75,50,89,66,89,50,50,50,50,50,92,50,92,50,50,50
542,Alphadjo Cissè,AT,Hellas Verona,78,68,50,66,50,50,60,50,60,50,50,50,50,50,50,50,50
543,Djaoui Cissé,MD,Rennes,63,81,50,91,84,62,50,50,50,50,50,64,50,54,50,50,50
544,Seydouba Cissé,MD,Leganés,73,88,50,89,65,77,50,50,50,50,50,72,50,84,50,50,50
545,Yoann Cissé,MD,Auxerre,74,92,50,50,50,50,50,50,50,50,50,50,50,50,50,50,50
546,Patrick Ciurria,MD,Monza,66,83,50,83,48,71,50,50,50,50,50,60,50,66,50,50,50
547,Harry Clarke,DF,Ipswich Town,68,86,50,91,57,53,50,50,50,50,60,60,60,64,50,50,50
548,Jack Clarke,AT,Ipswich Town,72,85,50,87,46,100,60,50,60,50,50,60,50,62,50,50,50
549,Alexis Claude-Maurice,AT,Augsburg,87,80,50,83,81,86,60,50,60,50,50,66,50,55,50,50,50
550,Jonathan Clauss,MD,Nice,78,87,50,86,41,100,50,50,50,50,50,100,50,100,50,50,50
551,Silvi Clúa,MD,Girona,79,85,50,83,62,53,50,50,50,50,50,54,50,56,50,50,50
552,Nathaniel Clyne,MD,Crystal Palace,76,77,50,77,50,56,50,50,50,50,50,56,50,62,50,50,50
553,Conor Coady,DF,Leicester City,82,72,50,96,52,53,50,50,50,50,60,64,60,81,50,50,50
554,Marcus Coco,DF,Nantes,79,70,50,92,50,74,50,50,50,50,60,62,60,84,50,50,50
555,Saúl Coco,DF,Torino,58,72,50,91,60,50,50,50,50,50,60,100,60,100,50,50,50
556,Séamus Coleman,DF,Everton,68,86,50,93,37,50,50,50,50,50,60,60,60,57,50,50,50
557,Nathan Collins,DF,Brentford,59,73,50,88,60,71,50,50,50,50,60,98,60,100,50,50,50
558,Nnamdi Collins,DF,Eint Frankfurt,69,86,50,94,56,56,50,50,50,50,60,76,60,100,50,50,50
559,Toby Collyer,MD,Manchester Utd,72,94,50,89,75,53,50,50,50,50,50,50,50,52,50,50,50
560,Lorenzo Colombo,AT,Empoli,89,72,50,77,53,100,60,50,60,50,50,54,50,64,50,50,50
561,Andrea Colpani,AT,Fiorentina,80,70,50,93,48,100,60,50,60,50,50,68,50,60,50,50,50
562,Levi Colwill,DF,Chelsea,59,78,50,93,59,83,50,50,50,50,60,100,60,100,50,50,50
563,Florinel Coman,AT,Cagliari,69,73,50,88,50,50,60,50,60,50,50,52,50,50,50,50,50
564,Kingsley Coman,AT,Bayern Munich,91,82,50,90,57,100,60,50,60,50,50,64,50,64,50,50,50
565,Eray Cömert,MD,Valladolid,66,87,50,86,63,50,50,50,50,50,50,80,50,90,50,50,50
566,Santi Comesaña,MD,Villarreal,76,94,50,90,73,100,50,50,50,50,50,78,50,80,50,50,50
567,Pietro Comuzzo,DF,Fiorentina,60,72,50,87,71,62,50,50,50,50,60,96,60,100,50,50,50
568,Francisco Conceição,AT,Juventus,78,78,50,82,50,100,60,50,60,50,50,58,50,54,50,50,50
569,Diego Conde,GK,Villarreal,39,66,50,99,47,56,30,50,40,50,50,52,50,59,80,80,80
570,Tomás Conechny,AT,Alavés,72,66,50,69,30,68,60,50,60,50,50,60,50,57,50,50,50
571,Alois Confais,MD,Le Havre,74,83,50,50,50,50,50,50,50,50,50,50,50,50,50,50,50
572,Sirlord Conteh,AT,Heidenheim,77,85,50,71,55,80,60,50,60,50,50,52,50,55,50,50,50
573,Lewis Cook,MD,Bournemouth,83,81,50,86,44,100,50,50,50,50,50,100,50,100,50,50,50
574,Copete,DF,Mallorca,60,70,50,88,59,50,50,50,50,50,60,62,60,100,50,50,50
575,Diego Coppola,DF,Hellas Verona,62,79,50,83,48,59,50,50,50,50,60,100,60,100,50,50,50
576,Francis Coquelin,AT,Nantes,76,65,50,91,50,56,60,50,60,50,50,56,50,51,50,50,50
577,Iker Córdoba,DF,Valencia,62,84,50,60,100,53,50,50,50,50,60,60,60,51,50,50,50
578,Derek Cornelius,DF,Marseille,63,69,50,96,51,59,50,50,50,50,60,72,60,89,50,50,50
579,Maxwel Cornet,AT,Southampton,76,68,50,90,50,50,60,50,60,50,50,50,50,52,50,50,50
580,Maxwel Cornet,AT,Genoa,85,79,50,82,60,65,60,50,60,50,50,54,50,51,50,50,50
581,Pierre Cornud,DF,Saint-Étienne,63,70,50,92,55,59,50,50,50,50,60,68,60,78,50,50,50
582,Ángel Correa,AT,Atlético Madrid,80,68,50,82,47,74,60,50,60,50,50,58,50,55,50,50,50
583,Joaquín Correa,AT,Inter,80,78,50,84,87,62,60,50,60,50,50,50,50,52,50,50,50
584,Thierry Correia,DF,Valencia,67,69,50,87,46,65,50,50,50,50,60,60,60,68,50,50,50
585,Alberto costa,DF,Juventus,72,76,50,92,100,50,50,50,50,50,60,60,60,50,50,50,50
586,Coba da Costa,AT,Getafe,76,73,50,76,36,62,60,50,60,50,50,58,50,54,50,50,50
587,Danny da Costa,DF,Mainz 05,73,85,50,91,45,68,50,50,50,50,60,74,60,100,50,50,50
588,David Costa,AT,Lens,90,84,50,90,60,68,60,50,60,50,50,52,50,50,50,50,50
589,Logan Costa,DF,Villarreal,59,84,50,94,61,56,50,50,50,50,60,74,60,100,50,50,50
590,Logan Costa,DF,Toulouse,82,87,50,100,44,53,50,50,50,50,60,60,60,54,50,50,50
591,Samu Costa,MD,Mallorca,76,86,50,87,69,83,50,50,50,50,50,90,50,100,50,50,50
592,Grégoire Coudert,GK,Brest,52,62,50,100,43,50,30,50,40,50,50,50,50,51,80,80,80
593,Vladimír Coufal,DF,West Ham,78,80,50,87,44,68,50,50,50,50,60,62,60,79,50,50,50
594,Lassana Coulibaly,MD,Lecce,70,84,50,89,72,74,50,50,50,50,50,80,50,83,50,50,50
595,Lasso Coulibaly,AT,Auxerre,89,81,50,100,50,50,60,50,60,50,50,50,50,50,50,50,50
596,Mamadou Coulibaly,MD,Monaco,63,89,50,100,50,50,50,50,50,50,50,50,50,50,50,50,50
597,Soumaïla Coulibaly,DF,Brest,68,80,50,93,64,53,50,50,50,50,60,60,60,76,50,50,50
598,Tanguy Coulibaly,AT,Montpellier,69,84,50,84,30,83,60,50,60,50,50,60,50,51,50,50,50
599,Woyo Coulibaly,DF,Leicester City,75,71,50,82,100,50,50,50,50,50,60,60,60,51,50,50,50
600,Woyo Coulibaly,DF,Parma,75,77,50,92,60,74,50,50,50,50,60,66,60,75,50,50,50
601,Marius Courcoul,MD,Angers,70,95,50,87,100,50,50,50,50,50,50,50,50,50,50,50,50
602,Thibaut Courtois,GK,Real Madrid,55,75,50,99,49,50,30,50,40,50,50,52,50,61,80,80,80
603,Yan Couto,DF,Dortmund,59,76,50,90,51,80,50,50,50,50,60,66,60,77,50,50,50
604,Nicolas Cozza,DF,Nantes,77,72,50,85,29,68,50,50,50,50,60,84,60,97,50,50,50
605,Aaron Cresswell,DF,West Ham,68,78,50,89,60,71,50,50,50,50,60,60,60,73,50,50,50
606,Charlie Cresswell,DF,Toulouse,82,77,50,89,37,59,50,50,50,50,60,94,60,100,50,50,50
607,Bryan Cristante,MD,Roma,66,85,50,89,64,83,50,50,50,50,50,74,50,74,50,50,50
608,Domen Črnigoj,MD,Venezia,67,82,50,61,12,50,50,50,50,50,50,58,50,54,50,50,50
609,Juan Cruz Armada,DF,Osasuna,81,77,50,86,38,56,50,50,50,50,60,62,60,86,50,50,50
610,Juan Cruz,AT,Leganés,77,73,50,81,39,100,60,50,60,50,50,70,50,75,50,50,50
611,Juan Cuadrado,MD,Atalanta,66,76,50,87,67,95,50,50,50,50,50,58,50,58,50,50,50
612,Pau Cubarsí,DF,Barcelona,79,84,50,94,76,77,50,50,50,50,60,72,60,100,50,50,50
613,Cucho,AT,Betis,87,82,50,73,83,59,60,50,60,50,50,54,50,50,50,50,50
614,Marc Cucurella,DF,Chelsea,70,86,50,94,57,92,50,50,50,50,60,88,60,100,50,50,50
615,Jorge Cuenca,DF,Fulham,62,87,50,84,57,50,50,50,50,50,60,60,60,68,50,50,50
616,Matheus Cunha,AT,Wolves,75,80,50,84,43,100,60,50,60,50,50,70,50,72,50,50,50
617,Patrick Cutrone,AT,Como,91,74,50,78,38,100,60,50,60,50,50,56,50,57,50,50,50
618,Tomáš Čvančara,AT,Gladbach,77,65,50,79,57,59,60,50,60,50,50,52,50,63,50,50,50
619,Wylan Cyprien,MD,Parma,69,91,50,100,60,50,50,50,50,50,50,52,50,50,50,50,50
620,Danilo D'Ambrosio,DF,Monza,76,88,50,95,50,56,50,50,50,50,60,74,60,80,50,50,50
621,Lucas Da Cunha,MD,Como,69,80,50,91,54,100,50,50,50,50,50,74,50,71,50,50,50
622,Samuel Dahl,MD,Roma,80,85,50,95,50,50,50,50,50,50,50,50,50,50,50,50,50
623,Finn Dahmen,GK,Augsburg,56,73,50,100,44,50,30,50,40,50,50,50,50,54,80,80,80
624,Thomas Dähne,GK,Holstein Kiel,47,69,50,100,54,50,30,50,40,50,50,50,50,50,80,80,80
625,Mahmoud Dahoud,MD,Eint Frankfurt,86,86,50,95,50,74,50,50,50,50,50,54,50,55,50,50,50
626,Patson Daka,AT,Leicester City,79,75,50,70,100,50,60,50,60,50,50,50,50,56,50,50,50
627,Ameen Al-Dakhil,DF,Stuttgart,68,81,50,97,65,56,50,50,50,50,60,64,60,74,50,50,50
628,Thijs Dallinga,AT,Bologna,70,81,50,73,62,71,60,50,60,50,50,52,50,55,50,50,50
629,Diogo Dalot,DF,Manchester Utd,61,72,50,90,55,100,50,50,50,50,60,100,60,100,50,50,50
630,Mikkel Damsgaard,AT,Brentford,84,80,50,85,52,100,60,50,60,50,50,70,50,77,50,50,50
631,Maat Daniel Caprini,AT,Fiorentina,82,70,50,100,50,50,60,50,60,50,50,50,50,50,50,50,50
632,Flavius Daniliuc,DF,Hellas Verona,61,71,50,92,53,56,50,50,50,50,60,64,60,75,50,50,50
633,Danilo,MD,Nott'ham Forest,70,75,50,81,83,50,50,50,50,50,50,52,50,52,50,50,50
634,Danilo,DF,Juventus,63,82,50,94,73,59,50,50,50,50,60,68,60,71,50,50,50
635,Arnaut Danjuma,AT,Villarreal,90,76,50,73,50,53,60,50,60,50,50,50,50,50,50,50,50
636,Arnaut Danjuma,AT,Girona,86,74,50,88,63,83,60,50,60,50,50,52,50,52,50,50,50
637,Jayden Danns,MD,Liverpool,75,86,50,100,50,50,50,50,50,50,50,50,50,50,50,50,50
638,Kévin Danois,MD,Auxerre,67,84,50,86,64,100,50,50,50,50,50,80,50,65,50,50,50
639,Kevin Danso,DF,Tottenham,76,80,50,93,58,53,50,50,50,50,60,60,60,64,50,50,50
640,Kevin Danso,DF,Lens,65,68,50,89,52,68,50,50,50,50,60,90,60,100,50,50,50
641,Dante,DF,Nice,59,68,50,94,51,56,50,50,50,50,60,100,60,100,50,50,50
642,Pape Daouda Diongue,AT,Strasbourg,85,68,50,84,80,53,60,50,60,50,50,56,50,52,50,50,50
643,Mohammed Daramy,AT,Reims,76,76,50,100,50,53,60,50,60,50,50,50,50,51,50,50,50
644,Bence Dárdai,MD,Wolfsburg,65,79,50,89,45,77,50,50,50,50,50,68,50,66,50,50,50
645,Sergi Darder,AT,Mallorca,71,84,50,87,58,100,60,50,60,50,50,70,50,65,50,50,50
646,Matteo Darmian,DF,Inter,65,86,50,90,55,83,50,50,50,50,60,60,60,77,50,50,50
647,Lukas Daschner,AT,Bochum,86,66,50,81,48,68,60,50,60,50,50,50,50,55,50,50,50
648,Juan David Cabal,DF,Juventus,76,88,50,93,63,53,50,50,50,50,60,60,60,64,50,50,50
649,Jonathan David,AT,Lille,85,73,50,86,66,100,60,50,60,50,50,56,50,57,50,50,50
650,Alphonso Davies,DF,Bayern Munich,95,88,50,94,62,100,50,50,50,50,60,76,60,72,50,50,50
651,Ben Davies,DF,Tottenham,77,73,50,92,68,53,50,50,50,50,60,64,60,91,50,50,50
652,Keinan Davis,AT,Udinese,75,67,50,78,100,95,60,50,60,50,50,52,50,54,50,50,50
653,Leif Davis,DF,Ipswich Town,63,74,50,86,37,100,50,50,50,50,60,96,60,100,50,50,50
654,Zuriko Davitashvili,AT,Saint-Étienne,68,73,50,88,42,100,60,50,60,50,50,70,50,55,50,50,50
655,Paweł Dawidowicz,DF,Hellas Verona,67,73,50,93,53,50,50,50,50,50,60,82,60,95,50,50,50
656,Craig Dawson,DF,Wolves,77,69,50,92,60,56,50,50,50,50,60,68,60,100,50,50,50
657,Kevin De Bruyne,MD,Manchester City,77,87,50,86,62,100,50,50,50,50,50,60,50,59,50,50,50
658,Charles De Ketelaere,AT,Atalanta,73,85,50,84,61,100,60,50,60,50,50,54,50,58,50,50,50
659,Rodrigo De Paul,MD,Atlético Madrid,82,82,50,90,60,100,50,50,50,50,50,60,50,60,50,50,50
660,Théo De Percin,GK,Auxerre,62,60,50,100,43,50,30,50,40,50,50,50,50,53,80,80,80
661,Mattia De Sciglio,DF,Empoli,70,83,50,89,62,59,50,50,50,50,60,64,60,80,50,50,50
662,Lorenzo De Silvestri,DF,Bologna,81,71,50,87,59,65,50,50,50,50,60,64,60,74,50,50,50
663,Thibault De Smet,DF,Reims,68,72,50,90,63,50,50,50,50,50,60,60,60,62,50,50,50
664,Koni De Winter,DF,Genoa,68,76,50,88,63,59,50,50,50,50,60,76,60,100,50,50,50
665,Amar Dedić,AT,Marseille,73,69,50,94,50,59,60,50,60,50,50,50,50,55,50,50,50
666,Alessandro Deiola,MD,Cagliari,65,95,50,81,64,59,50,50,50,50,50,70,50,81,50,50,50
667,Romain Del Castillo,AT,Brest,70,79,50,79,47,100,60,50,60,50,50,62,50,53,50,50,50
668,Enrico Del Prato,DF,Parma,78,88,50,93,50,83,50,50,50,50,60,86,60,100,50,50,50
669,Liam Delap,AT,Ipswich Town,84,80,50,71,42,100,60,50,60,50,50,54,50,72,50,50,50
670,Fisayo Dele-Bashiru,AT,Lazio,75,79,50,91,81,71,60,50,60,50,50,58,50,54,50,50,50
671,Andy Delort,AT,Montpellier,91,71,50,52,28,62,60,50,60,50,50,50,50,53,50,50,50
672,Olivier Deman,DF,Werder Bremen,60,72,50,93,27,53,50,50,50,50,60,60,60,54,50,50,50
673,Ali Dembélé,DF,Torino,82,70,50,78,66,53,50,50,50,50,60,60,60,54,50,50,50
674,Ousmane Dembélé,AT,Paris S-G,93,80,50,84,66,100,60,50,60,50,50,68,50,52,50,50,50
675,Ermedin Demirović,AT,Stuttgart,81,83,50,74,66,89,60,50,60,50,50,54,50,60,50,50,50
676,Sepp van den Berg,DF,Brentford,77,83,50,88,64,62,50,50,50,50,60,78,60,100,50,50,50
677,Arthur Desmas,GK,Le Havre,43,63,50,100,47,53,30,50,40,50,50,50,50,59,80,80,80
678,Justin Devenny,MD,Crystal Palace,72,79,50,81,36,65,50,50,50,50,50,50,50,58,50,50,50
679,Kiernan Dewsbury-Hall,MD,Chelsea,86,93,50,91,40,56,50,50,50,50,50,52,50,54,50,50,50
680,Michele Di Gregorio,GK,Juventus,48,62,50,99,48,53,30,50,40,50,50,50,50,57,80,80,80
681,Giovanni Di Lorenzo,DF,Napoli,64,87,50,90,57,100,50,50,50,50,60,96,60,100,50,50,50
682,Boulaye Dia,AT,Lazio,74,69,50,85,89,100,60,50,60,50,50,60,50,58,50,50,50
683,Mouctar Diakhaby,DF,Valencia,71,74,50,70,33,53,50,50,50,50,60,60,60,54,50,50,50
684,Mamadou Diakhon,AT,Reims,75,79,50,80,71,68,60,50,60,50,50,54,50,52,50,50,50
685,Bafodé Diakité,DF,Lille,62,72,50,94,75,59,50,50,50,50,60,90,60,100,50,50,50
686,Oumar Diakité,AT,Reims,73,70,50,84,84,83,60,50,60,50,50,56,50,59,50,50,50
687,Amad Diallo,AT,Manchester Utd,88,75,50,90,52,100,60,50,60,50,50,70,50,66,50,50,50
688,Assane Diao,AT,Como,86,77,50,82,60,59,60,50,60,50,50,56,50,60,50,50,50
689,Assane Diao,AT,Betis,86,82,50,83,100,74,60,50,60,50,50,50,50,53,50,50,50
690,Habib Diarra,AT,Strasbourg,80,74,50,89,58,100,60,50,60,50,50,70,50,86,50,50,50
691,Moussa Diarra,DF,Alavés,78,75,50,89,47,59,50,50,50,50,60,92,60,83,50,50,50
692,Rúben Dias,DF,Manchester City,75,85,50,97,74,65,50,50,50,50,60,80,60,87,50,50,50
693,Krépin Diatta,DF,Monaco,70,71,50,85,50,59,50,50,50,50,60,64,60,59,50,50,50
694,Kandet Diawara,AT,Le Havre,91,70,50,50,50,50,60,50,60,50,50,50,50,51,50,50,50
695,Mahamadou Diawara,MD,Le Havre,81,90,50,89,76,65,50,50,50,50,50,68,50,59,50,50,50
696,Mahamadou Diawara,MD,Lyon,78,78,50,75,100,50,50,50,50,50,50,50,50,50,50,50,50
697,Brahim Díaz,AT,Real Madrid,85,81,50,90,64,98,60,50,60,50,50,56,50,51,50,50,50
698,Luis Díaz,AT,Liverpool,77,83,50,89,82,100,60,50,60,50,50,62,50,57,50,50,50
699,Pedro Díaz,MD,Rayo Vallecano,70,94,50,91,40,86,50,50,50,50,50,60,50,53,50,50,50
700,Tyler Dibling,AT,Southampton,77,67,50,88,43,100,60,50,60,50,50,64,50,59,50,50,50
701,Diego,AT,Leganés,91,68,50,79,75,65,60,50,60,50,50,52,50,57,50,50,50
702,Justin Diehl,AT,Stuttgart,88,70,50,82,20,53,60,50,60,50,50,50,50,50,50,50,50
703,Bamba Dieng,AT,Angers,71,73,50,84,50,50,60,50,60,50,50,50,50,53,50,50,50
704,Eric Dier,DF,Bayern Munich,78,85,50,96,83,53,50,50,50,50,60,70,60,76,50,50,50
705,Lucas Digne,DF,Aston Villa,78,74,50,88,37,100,50,50,50,50,60,100,60,100,50,50,50
706,Kembo Diliwidi,DF,Lens,68,87,50,100,50,50,50,50,50,50,60,60,60,50,50,50,50
707,Federico Dimarco,AT,Inter,90,71,50,87,47,100,60,50,60,50,50,70,50,75,50,50,50
708,Stole Dimitrievski,GK,Valencia,51,62,50,100,30,50,30,50,40,50,50,50,50,53,80,80,80
709,Junior Dina Ebimbe,AT,Eint Frankfurt,89,72,50,64,40,59,60,50,60,50,50,64,50,56,50,50,50
710,Eren Dinkçi,AT,Freiburg,70,85,50,84,46,100,60,50,60,50,50,62,50,57,50,50,50
711,Sinaly Diomande,DF,Auxerre,72,76,50,86,56,56,50,50,50,50,60,86,60,100,50,50,50
712,Lois Diony,AT,Angers,69,79,50,33,50,50,60,50,60,50,50,50,50,50,50,50,50
713,Issa Diop,DF,Fulham,64,72,50,92,52,59,50,50,50,50,60,66,60,100,50,50,50
714,Sérigné Diop,AT,Brest,72,71,50,50,50,50,60,50,60,50,50,50,50,50,50,50,50
715,Sofiane Diop,AT,Nice,79,65,50,84,48,100,60,50,60,50,50,70,50,57,50,50,50
716,Andy Diouf,MD,Lens,81,75,50,86,50,100,50,50,50,50,50,70,50,64,50,50,50
717,Yehvann Diouf,GK,Reims,50,72,50,99,43,50,30,50,40,50,50,50,50,61,80,80,80
718,Assane Dioussé,MD,Auxerre,74,94,50,98,79,53,50,50,50,50,50,62,50,55,50,50,50
719,Axel Disasi,DF,Aston Villa,63,69,50,95,61,56,50,50,50,50,60,60,60,66,50,50,50
720,Axel Disasi,DF,Chelsea,76,71,50,94,69,56,50,50,50,50,60,60,60,61,50,50,50
721,Roman Dixon,DF,Everton,62,73,50,75,33,50,50,50,50,50,60,60,60,53,50,50,50
722,Álvaro djaló,AT,Athletic Club,77,66,50,78,62,59,60,50,60,50,50,52,50,54,50,50,50
723,Djené,MD,Getafe,81,95,50,79,53,74,50,50,50,50,50,88,50,100,50,50,50
724,Nasser Djiga,DF,Wolves,64,88,50,100,50,50,50,50,50,50,60,60,60,52,50,50,50
725,Berat Djimsiti,DF,Atalanta,71,86,50,91,70,74,50,50,50,50,60,100,60,100,50,50,50
726,Marko Dmitrović,GK,Leganés,43,64,50,100,30,50,30,50,40,50,50,50,50,70,80,80,80
727,Ritsu Doan,AT,Freiburg,87,82,50,79,53,98,60,50,60,50,50,70,50,81,50,50,50
728,Dodô,DF,Fiorentina,66,74,50,86,50,100,50,50,50,50,60,100,60,98,50,50,50
729,Danilho Doekhi,DF,Union Berlin,70,85,50,87,42,74,50,50,50,50,60,100,60,100,50,50,50
730,Matt Doherty,DF,Wolves,64,80,50,89,61,80,50,50,50,50,60,86,60,100,50,50,50
731,Jeremy Doku,AT,Manchester City,85,75,50,86,66,100,60,50,60,50,50,58,50,52,50,50,50
732,Marc Domenech,AT,Mallorca,85,77,50,73,100,53,60,50,60,50,50,50,50,50,50,50,50
733,Álex Domínguez,GK,Toulouse,57,63,50,100,50,50,30,50,40,50,50,50,50,50,80,80,80
734,Benjamín Domínguez,AT,Bologna,92,67,50,88,56,65,60,50,60,50,50,58,50,56,50,50,50
735,Carlos Dominguez,DF,Celta Vigo,72,73,50,94,42,53,50,50,50,50,60,64,60,92,50,50,50
736,Israel Domínguez,AT,Sevilla,81,74,50,100,50,50,60,50,60,50,50,50,50,50,50,50,50
737,Nicolás Domínguez,AT,Nott'ham Forest,74,83,50,91,62,74,60,50,60,50,50,70,50,81,50,50,50
738,Sergi Dominguez,DF,Barcelona,73,84,50,100,70,50,50,50,50,50,60,60,60,57,50,50,50
739,Gianluigi Donnarumma,GK,Paris S-G,54,79,50,100,58,50,30,50,40,50,50,50,50,60,80,80,80
740,Patrick Dorgu,DF,Manchester Utd,68,73,50,85,25,56,50,50,50,50,60,60,60,58,50,50,50
741,Patrick Dorgu,AT,Lecce,88,77,50,86,53,100,60,50,60,50,50,70,50,92,50,50,50
742,Alfie Dorrington,DF,Tottenham,70,85,50,85,100,50,50,50,50,50,60,60,60,50,50,50,50
743,Niklas Dorsch,MD,Augsburg,73,89,50,100,100,50,50,50,50,50,50,50,50,50,50,50,50
744,Niklas Dorsch,MD,Heidenheim,65,86,50,94,54,74,50,50,50,50,50,66,50,59,50,50,50
745,Alberto Dossena,DF,Como,58,85,50,92,58,65,50,50,50,50,60,94,60,100,50,50,50
746,Abdoulaye Doucouré,MD,Everton,63,91,50,85,73,100,50,50,50,50,50,64,50,66,50,50,50
747,Cheick Doucouré,MD,Crystal Palace,75,94,50,89,80,53,50,50,50,50,50,72,50,60,50,50,50
748,Désiré Doué,AT,Paris S-G,80,80,50,90,48,100,60,50,60,50,50,68,50,56,50,50,50
749,Guela Doué,DF,Strasbourg,60,79,50,93,50,71,50,50,50,50,60,100,60,100,50,50,50
750,Douglas,MD,Nantes,83,77,50,89,67,89,50,50,50,50,50,86,50,79,50,50,50
751,Ismaël Doukouré,MD,Strasbourg,68,77,50,92,59,77,50,50,50,50,50,90,50,100,50,50,50
752,Issa Doumbia,MD,Venezia,69,84,50,87,36,59,50,50,50,50,50,64,50,60,50,50,50
753,Kamory Doumbia,MD,Brest,84,75,50,91,47,100,50,50,50,50,50,94,50,61,50,50,50
754,Amidou Doumbouya,DF,Nice,58,84,50,92,50,50,50,50,50,50,60,60,60,51,50,50,50
755,Anastasios Douvikas,AT,Como,75,80,50,90,100,50,60,50,60,50,50,52,50,51,50,50,50
756,Anastasios Douvikas,AT,Celta Vigo,71,79,50,73,100,59,60,50,60,50,50,56,50,56,50,50,50
757,Artem Dovbyk,AT,Roma,69,69,50,75,100,95,60,50,60,50,50,52,50,58,50,50,50
758,Flynn Downes,MD,Southampton,65,94,50,92,68,86,50,50,50,50,50,100,50,83,50,50,50
759,Tommy Doyle,MD,Wolves,71,95,50,94,65,71,50,50,50,50,50,60,50,61,50,50,50
760,Radu Drăgușin,DF,Tottenham,60,81,50,91,43,62,50,50,50,50,60,80,60,99,50,50,50
761,Patrick Drewes,GK,Bochum,49,76,50,100,48,50,30,50,40,50,50,50,50,61,80,80,80
762,Tim Drexler,DF,Hoffenheim,65,86,50,92,66,53,50,50,50,50,60,60,60,59,50,50,50
763,Domingos Duarte,DF,Getafe,61,80,50,82,55,56,50,50,50,50,60,66,60,100,50,50,50
764,Martin Dúbravka,GK,Newcastle Utd,62,64,50,100,40,50,30,50,40,50,50,50,50,53,80,80,80
765,Marvin Ducksch,AT,Werder Bremen,75,84,50,74,42,100,60,50,60,50,50,60,50,70,50,50,50
766,Ondrej Duda,MD,Hellas Verona,75,90,50,90,50,100,50,50,50,50,50,98,50,69,50,50,50
767,Duk,AT,Leganés,78,82,50,83,50,59,60,50,60,50,50,50,50,50,50,50,50
768,Denzel Dumfries,AT,Inter,79,75,50,87,57,100,60,50,60,50,50,62,50,73,50,50,50
769,Alfred Duncan,MD,Venezia,65,82,50,87,52,77,50,50,50,50,50,66,50,57,50,50,50
770,Lewis Dunk,DF,Brighton,73,72,50,96,63,68,50,50,50,50,60,70,60,100,50,50,50
771,Jáder Durán,AT,Aston Villa,77,72,50,81,45,62,60,50,60,50,50,50,50,63,50,50,50
772,Pablo Durán,AT,Celta Vigo,81,84,50,81,44,80,60,50,60,50,50,64,50,55,50,50,50
773,Julien Duranville,AT,Dortmund,92,65,50,83,42,53,60,50,60,50,50,50,50,53,50,50,50
774,Hugo Duro,AT,Valencia,85,71,50,78,52,89,60,50,60,50,50,70,50,58,50,50,50
775,Jean-Kevin Duverne,DF,Nantes,62,80,50,87,45,53,50,50,50,50,60,66,60,73,50,50,50
776,Paulo Dybala,AT,Roma,92,72,50,90,63,100,60,50,60,50,50,54,50,52,50,50,50
777,Stefan Džodić,MD,Montpellier,67,89,50,91,42,50,50,50,50,50,50,58,50,58,50,50,50
778,Adam Dźwigała,MD,St. Pauli,83,94,50,82,29,50,50,50,50,50,50,50,50,65,50,50,50
779,Aron Dønnum,MD,Toulouse,68,77,50,86,51,100,50,50,50,50,50,96,50,82,50,50,50
780,Enzo Ebosse,DF,Udinese,63,75,50,80,83,53,50,50,50,50,60,60,60,51,50,50,50
781,Ederson,GK,Manchester City,61,77,50,100,62,59,30,50,40,50,50,52,50,57,80,80,80
782,Éderson,MD,Atalanta,87,80,50,88,74,100,50,50,50,50,50,100,50,74,50,50,50
783,Noah Edjouma,AT,Toulouse,86,73,50,84,50,50,60,50,60,50,50,54,50,52,50,50,50
784,George Edmundson,DF,Ipswich Town,66,73,50,100,50,50,50,50,50,50,60,60,60,50,50,50,50
785,Odsonne Édouard,AT,Crystal Palace,86,73,50,68,100,53,60,50,60,50,50,50,50,51,50,50,50
786,Odsonne Édouard,AT,Leicester City,82,75,50,75,50,53,60,50,60,50,50,50,50,51,50,50,50
787,Samuel Edozie,AT,Southampton,73,82,50,90,50,53,60,50,60,50,50,50,50,50,50,50,50
788,Ronnie Edwards,DF,Southampton,71,73,50,50,50,50,50,50,50,50,60,60,60,50,50,50,50
789,Johannes Eggestein,AT,St. Pauli,68,84,50,81,57,100,60,50,60,50,50,50,50,58,50,50,50
790,Maximilian Eggestein,MD,Freiburg,80,90,50,89,59,92,50,50,50,50,50,100,50,86,50,50,50
791,Kingsley Ehizibue,DF,Udinese,72,71,50,85,52,92,50,50,50,50,60,86,60,100,50,50,50
792,Chidera Ejuke,AT,Sevilla,90,75,50,90,60,95,60,50,60,50,50,52,50,52,50,50,50
793,Jeff Ekhator,AT,Genoa,86,84,50,73,66,77,60,50,60,50,50,52,50,54,50,50,50
794,Hugo Ekitike,AT,Eint Frankfurt,74,81,50,84,63,100,60,50,60,50,50,64,50,66,50,50,50
795,Jurgen Ekkelenkamp,MD,Udinese,64,78,50,85,69,80,50,50,50,50,50,68,50,68,50,50,50
796,Jacques Ekomie,DF,Angers,59,87,50,89,25,50,50,50,50,50,60,60,60,58,50,50,50
797,Emmanuel Ekong,AT,Empoli,79,76,50,70,100,56,60,50,60,50,50,52,50,51,50,50,50
798,Caleb Ekuban,AT,Genoa,86,74,50,70,40,71,60,50,60,50,50,52,50,54,50,50,50
799,Pierre Ekwah Elimby,MD,Saint-Étienne,72,84,50,93,60,77,50,50,50,50,50,100,50,100,50,50,50
800,Anthony Elanga,AT,Nott'ham Forest,84,65,50,83,35,100,60,50,60,50,50,60,50,73,50,50,50
801,Meschak Elia,AT,Nantes,89,67,50,75,50,50,60,50,60,50,50,50,50,51,50,50,50
802,Mikael Ellertsson,MD,Venezia,64,94,50,79,31,92,50,50,50,50,50,72,50,100,50,50,50
803,Harvey Elliott,AT,Liverpool,85,74,50,92,70,62,60,50,60,50,50,50,50,51,50,50,50
804,Elif Elmas,AT,Torino,71,79,50,89,100,65,60,50,60,50,50,56,50,51,50,50,50
805,Elif Elmas,MD,RB Leipzig,78,75,50,88,50,50,50,50,50,50,50,50,50,52,50,50,50
806,Aritz Elustondo,DF,Real Sociedad,73,70,50,91,50,59,50,50,50,50,60,60,60,83,50,50,50
807,Nico Elvedi,DF,Gladbach,62,76,50,95,70,62,50,50,50,50,60,96,60,100,50,50,50
808,Adri Embarba,AT,Rayo Vallecano,78,67,50,81,37,100,60,50,60,50,50,70,50,60,50,50,50
809,Breel Embolo,AT,Monaco,68,85,50,74,61,100,60,50,60,50,50,54,50,54,50,50,50
810,Emanuel Emegha,AT,Strasbourg,87,84,50,79,100,83,60,50,60,50,50,52,50,73,50,50,50
811,Emerson,DF,Milan,58,73,50,90,59,95,50,50,50,50,60,78,60,100,50,50,50
812,Yunus Emre Konak,AT,Brentford,72,79,50,80,75,50,60,50,60,50,50,50,50,50,50,50,50
813,Julio Enciso,AT,Ipswich Town,86,76,50,72,80,62,60,50,60,50,50,52,50,50,50,50,50
814,Julio Enciso,AT,Brighton,89,72,50,81,22,65,60,50,60,50,50,50,50,51,50,50,50
815,Wataru Endo,MD,Liverpool,65,89,50,95,100,53,50,50,50,50,50,56,50,55,50,50,50
816,Endrick,AT,Real Madrid,92,69,50,80,100,56,60,50,60,50,50,56,50,50,50,50,50
817,Yannik Engelhardt,MD,Como,72,93,50,92,67,83,50,50,50,50,50,70,50,75,50,50,50
818,Arne Engels,AT,Augsburg,79,70,50,87,50,50,60,50,60,50,50,50,50,50,50,50,50
819,Christian Eriksen,MD,Manchester Utd,68,93,50,92,50,98,50,50,50,50,50,62,50,56,50,50,50
820,Martin Erlic,DF,Bologna,77,85,50,94,79,50,50,50,50,50,60,60,60,56,50,50,50
821,Patrick Erras,DF,Holstein Kiel,72,85,50,92,62,59,50,50,50,50,60,68,60,100,50,50,50
822,Alfonso Espino,DF,Rayo Vallecano,73,74,50,86,26,53,50,50,50,50,60,68,60,63,50,50,50
823,Sebastiano Esposito,AT,Empoli,80,67,50,71,44,100,60,50,60,50,50,70,50,58,50,50,50
824,Romain Esse,MD,Crystal Palace,84,92,50,50,50,50,50,50,50,50,50,50,50,50,50,50,50
825,Samuel Essende,AT,Augsburg,83,78,50,70,50,74,60,50,60,50,50,50,50,56,50,50,50
826,Dario Essugo,MD,Las Palmas,70,90,50,89,76,77,50,50,50,50,50,100,50,81,50,50,50
827,Nahuel Estévez,MD,Parma,73,88,50,88,48,65,50,50,50,50,50,56,50,70,50,50,50
828,Pervis Estupiñán,DF,Brighton,67,76,50,93,51,100,50,50,50,50,60,90,60,91,50,50,50
829,Etienne Eto'o,AT,Rayo Vallecano,72,79,50,100,50,50,60,50,60,50,50,50,50,50,50,50,50
830,Evanilson,AT,Bournemouth,73,67,50,73,87,98,60,50,60,50,50,50,50,61,50,50,50
831,Jonny Evans,DF,Manchester Utd,67,73,50,94,50,50,50,50,50,50,60,60,60,63,50,50,50
832,Edu Expósito,AT,Espanyol,69,68,50,85,30,62,60,50,60,50,50,54,50,53,50,50,50
833,Eberechi Eze,AT,Crystal Palace,77,77,50,85,43,100,60,50,60,50,50,68,50,58,50,50,50
834,Abde Ezzalzouli,AT,Betis,68,83,50,80,31,100,60,50,60,50,50,60,50,61,50,50,50
835,Giovanni Fabbian,MD,Bologna,69,77,50,81,30,68,50,50,50,50,50,54,50,54,50,50,50
836,Łukasz Fabiański,GK,West Ham,42,73,50,100,41,50,30,50,40,50,50,50,50,55,80,80,80
837,Alieu Fadera,AT,Como,68,69,50,88,55,100,60,50,60,50,50,70,50,59,50,50,50
838,Wout Faes,DF,Leicester City,74,71,50,93,50,59,50,50,50,50,60,88,60,100,50,50,50
839,Nicolò Fagioli,MD,Fiorentina,71,89,50,85,50,56,50,50,50,50,50,50,50,55,50,50,50
840,Nicolò Fagioli,MD,Juventus,70,85,50,92,62,62,50,50,50,50,50,54,50,55,50,50,50
841,Romain Faivre,AT,Brest,68,72,50,88,60,80,60,50,60,50,50,56,50,53,50,50,50
842,Wladimiro Falcone,GK,Lecce,57,70,50,100,40,50,30,50,40,50,50,50,50,73,80,80,80
843,Davide Faraoni,DF,Hellas Verona,82,74,50,87,46,56,50,50,50,50,60,60,60,62,50,50,50
844,Abdul Fatawu Issahaku,AT,Leicester City,86,65,50,72,48,68,60,50,60,50,50,58,50,62,50,50,50
845,Ansu Fati,AT,Barcelona,88,78,50,95,33,53,60,50,60,50,50,50,50,50,50,50,50
846,Khalil Fayad,AT,Montpellier,91,75,50,90,70,65,60,50,60,50,50,64,50,64,50,50,50
847,Jacopo Fazzini,AT,Empoli,72,71,50,84,47,65,60,50,60,50,50,60,50,65,50,50,50
848,Peter Federico,AT,Getafe,84,77,50,80,60,59,60,50,60,50,50,52,50,54,50,50,50
849,Nabil Fekir,MD,Betis,67,87,50,88,60,68,50,50,50,50,50,50,50,50,50,50,50
850,Mattia Felici,AT,Cagliari,74,65,50,79,35,77,60,50,60,50,50,62,50,57,50,50,50
851,Luiz Felipe,DF,Marseille,77,88,50,100,50,50,50,50,50,50,60,60,60,50,50,50,50
852,João Félix,AT,Chelsea,84,79,50,90,66,68,60,50,60,50,50,56,50,52,50,50,50
853,João Félix,MD,Milan,74,91,50,86,66,62,50,50,50,50,50,50,50,55,50,50,50
854,Kiko Femenía,DF,Villarreal,70,73,50,94,66,89,50,50,50,50,60,100,60,91,50,50,50
855,Evan Ferguson,AT,West Ham,75,76,50,75,50,53,60,50,60,50,50,52,50,51,50,50,50
856,Evan Ferguson,AT,Brighton,78,69,50,86,25,59,60,50,60,50,50,50,50,54,50,50,50
857,Lewis Ferguson,MD,Bologna,65,95,50,92,80,74,50,50,50,50,50,52,50,57,50,50,50
858,Zinedine Ferhat,AT,Angers,74,75,50,81,46,83,60,50,60,50,50,62,50,59,50,50,50
859,Bruno Fernandes,MD,Manchester Utd,75,92,50,86,51,100,50,50,50,50,50,90,50,77,50,50,50
860,Edimilson Fernandes,MD,Brest,80,92,50,90,73,68,50,50,50,50,50,84,50,74,50,50,50
861,Mateus Fernandes,MD,Southampton,75,85,50,86,54,100,50,50,50,50,50,82,50,74,50,50,50
862,Álvaro Fernández,GK,Sevilla,46,76,50,100,31,53,30,50,40,50,50,50,50,57,80,80,80
863,Enzo Fernández,MD,Chelsea,79,93,50,89,62,100,50,50,50,50,50,70,50,66,50,50,50
864,Roberto Férnandez,AT,Espanyol,84,67,50,73,100,59,60,50,60,50,50,54,50,56,50,50,50
865,Valery Fernández,AT,Mallorca,75,79,50,87,100,50,60,50,60,50,50,50,50,51,50,50,50
866,Matias Fernandez-Pardo,AT,Lille,86,76,50,75,50,68,60,50,60,50,50,52,50,54,50,50,50
867,Jordan Ferri,MD,Montpellier,75,94,50,91,72,74,50,50,50,50,50,66,50,63,50,50,50
868,Daniel Fila,AT,Venezia,73,81,50,83,50,56,60,50,60,50,50,50,50,51,50,50,50
869,Karol Fila,MD,Strasbourg,70,81,50,100,50,50,50,50,50,50,50,50,50,50,50,50,50
870,Kilian Fischer,DF,Wolfsburg,60,76,50,84,61,71,50,50,50,50,60,78,60,100,50,50,50
871,Mark Flekken,GK,Brentford,38,77,50,97,50,56,30,50,40,50,50,50,50,71,80,80,80
872,Mateo Flores,MD,Betis,80,93,50,82,60,50,50,50,50,50,50,54,50,53,50,50,50
873,Phil Foden,AT,Manchester City,69,72,50,91,59,100,60,50,60,50,50,68,50,57,50,50,50
874,Malick Fofana,AT,Lyon,92,84,50,86,41,92,60,50,60,50,50,66,50,56,50,50,50
875,Rayan Fofana,AT,Lens,68,65,50,100,50,50,60,50,60,50,50,50,50,50,50,50,50
876,Seko Fofana,MD,Rennes,64,84,50,91,64,80,50,50,50,50,50,60,50,53,50,50,50
877,Wesley Fofana,DF,Chelsea,66,69,50,93,62,65,50,50,50,50,60,74,60,99,50,50,50
878,Yahia Fofana,GK,Angers,43,60,50,100,44,53,30,50,40,50,50,52,50,69,80,80,80
879,Youssouf Fofana,MD,Milan,75,82,50,87,63,100,50,50,50,50,50,84,50,70,50,50,50
880,Jonas Föhrenbach,DF,Heidenheim,60,78,50,85,45,89,50,50,50,50,60,82,60,100,50,50,50
881,Michael Folorunsho,AT,Fiorentina,84,65,50,86,56,59,60,50,60,50,50,56,50,56,50,50,50
882,Michael Folorunsho,AT,Napoli,86,82,50,71,50,50,60,50,60,50,50,52,50,51,50,50,50
883,Lamine Fomba,MD,Saint-Étienne,70,84,50,89,66,53,50,50,50,50,50,58,50,55,50,50,50
884,Carlos Forbs,AT,Wolves,87,83,50,75,20,53,60,50,60,50,50,52,50,52,50,50,50
885,Pablo Fornals,AT,Betis,76,82,50,86,61,100,60,50,60,50,50,70,50,59,50,50,50
886,Omari Forson,AT,Monza,90,79,50,90,50,50,60,50,60,50,50,50,50,50,50,50,50
887,Fraser Forster,GK,Tottenham,56,76,50,98,48,50,30,50,40,50,50,50,50,57,80,80,80
888,Héctor Fort,DF,Barcelona,70,74,50,95,84,68,50,50,50,50,60,62,60,60,50,50,50
889,Dimitri Foulquier,DF,Valencia,75,72,50,93,35,65,50,50,50,50,60,72,60,100,50,50,50
890,Juan Foyth,DF,Villarreal,60,70,50,93,56,59,50,50,50,50,60,70,60,98,50,50,50
891,Alejandro Francés,DF,Girona,78,73,50,90,59,56,50,50,50,50,60,74,60,76,50,50,50
892,Przemysław Frankowski,DF,Lens,78,70,50,88,50,100,50,50,50,50,60,88,60,78,50,50,50
893,Enric Franquesa,AT,Leganés,73,85,50,80,42,56,60,50,60,50,50,60,50,62,50,50,50
894,Ryan Fraser,AT,Southampton,74,70,50,93,30,56,60,50,60,50,50,52,50,59,50,50,50
895,Davide Frattesi,MD,Inter,66,86,50,90,76,59,50,50,50,50,50,56,50,55,50,50,50
896,Morten Frendrup,MD,Genoa,86,83,50,90,61,77,50,50,50,50,50,100,50,99,50,50,50
897,Martin Frese,DF,Hellas Verona,81,84,50,90,25,62,50,50,50,50,60,62,60,64,50,50,50
898,Remo Freuler,MD,Bologna,76,85,50,92,62,100,50,50,50,50,50,100,50,98,50,50,50
899,Marco Friedl,DF,Werder Bremen,81,79,50,93,70,59,50,50,50,50,60,100,60,100,50,50,50
900,Marvin Friedrich,DF,Gladbach,82,83,50,95,49,56,50,50,50,50,60,60,60,100,50,50,50
901,Jeremie Frimpong,MD,Leverkusen,66,95,50,86,38,100,50,50,50,50,50,64,50,64,50,50,50
902,Jorge de Frutos,AT,Rayo Vallecano,81,69,50,80,52,100,60,50,60,50,50,70,50,67,50,50,50
903,Darío Fuentes,DF,Sevilla,61,82,50,50,50,50,50,50,50,50,60,60,60,50,50,50,50
904,Chris Führich,AT,Stuttgart,69,68,50,89,45,100,60,50,60,50,50,60,50,64,50,50,50
905,Shiō Fukuda,AT,Gladbach,81,70,50,80,50,50,60,50,60,50,50,50,50,50,50,50,50
906,Angelo Fulgini,AT,Lens,72,80,50,86,49,100,60,50,60,50,50,54,50,53,50,50,50
907,Niclas Füllkrug,AT,West Ham,84,68,50,74,50,71,60,50,60,50,50,50,50,55,50,50,50
908,Kyogo Furuhashi,AT,Rennes,92,85,50,25,50,50,60,50,60,50,50,50,50,50,50,50,50
909,Manuel Fuster,AT,Las Palmas,68,69,50,89,53,100,60,50,60,50,50,54,50,61,50,50,50
910,Matteo Gabbia,DF,Milan,66,69,50,94,67,56,50,50,50,50,60,72,60,100,50,50,50
911,Alessandro Gabrielloni,AT,Como,72,74,50,64,50,62,60,50,60,50,50,50,50,50,50,50,50
912,Gianluca Gaetano,AT,Cagliari,88,82,50,79,67,98,60,50,60,50,50,60,50,57,50,50,50
913,Roberto Gagliardini,MD,Monza,63,95,50,95,75,53,50,50,50,50,50,52,50,54,50,50,50
914,Cody Gakpo,AT,Liverpool,86,78,50,86,57,100,60,50,60,50,50,64,50,65,50,50,50
915,Javi Galán,DF,Atlético Madrid,70,78,50,91,63,77,50,50,50,50,60,64,60,76,50,50,50
916,Iñigo Ruiz de Galarreta,MD,Athletic Club,70,93,50,85,57,100,50,50,50,50,50,70,50,58,50,50,50
917,Conor Gallagher,MD,Atlético Madrid,68,91,50,92,41,74,50,50,50,50,50,74,50,68,50,50,50
918,Antonino Gallo,DF,Lecce,63,78,50,82,43,100,50,50,50,50,60,80,60,100,50,50,50
919,Gauthier Gallon,GK,Rennes,50,72,50,100,40,50,30,50,40,50,50,50,50,50,80,80,80
920,Cristian Gamboa,DF,Bochum,68,79,50,96,37,59,50,50,50,50,60,60,60,55,50,50,50
921,Idrissa Gana Gueye,MD,Everton,80,79,50,90,71,95,50,50,50,50,50,100,50,72,50,50,50
922,Ignatius Ganago,AT,Nantes,71,80,50,82,33,65,60,50,60,50,50,58,50,52,50,50,50
923,Silvère Ganvoula M'Boussy,AT,Monza,76,72,50,63,66,53,60,50,60,50,50,52,50,55,50,50,50
924,Facundo Garcés,DF,Alavés,76,87,50,50,50,50,50,50,50,50,60,60,60,54,50,50,50
925,Aleix García,MD,Leverkusen,80,87,50,94,68,100,50,50,50,50,50,60,50,67,50,50,50
926,Álvaro García,AT,Rayo Vallecano,72,75,50,76,36,100,60,50,60,50,50,70,50,81,50,50,50
927,Andrés García,MD,Aston Villa,78,76,50,92,50,56,50,50,50,50,50,50,50,58,50,50,50
928,Eric García,MD,Barcelona,63,80,50,90,86,59,50,50,50,50,50,66,50,71,50,50,50
929,Fran Garcia,DF,Real Madrid,75,70,50,94,66,83,50,50,50,50,60,80,60,89,50,50,50
930,Joan García,GK,Espanyol,41,75,50,98,47,50,30,50,40,50,50,50,50,64,80,80,80
931,Pablo Garcia,AT,Betis,76,68,50,100,50,50,60,50,60,50,50,50,50,50,50,50,50
932,Rubén García,AT,Osasuna,87,81,50,83,56,100,60,50,60,50,50,70,50,78,50,50,50
933,Ulisses Garcia,DF,Marseille,81,86,50,88,63,62,50,50,50,50,60,60,60,59,50,50,50
934,Alejandro Garnacho,AT,Manchester Utd,68,65,50,89,57,100,60,50,60,50,50,70,50,59,50,50,50
935,James Garner,MD,Everton,81,89,50,78,43,77,50,50,50,50,50,66,50,73,50,50,50
936,Yarek Gasiorowski,DF,Valencia,82,86,50,87,52,59,50,50,50,50,60,100,60,100,50,50,50
937,Federico Gatti,DF,Juventus,69,68,50,97,73,62,50,50,50,50,60,84,60,100,50,50,50
938,Gavi,MD,Barcelona,79,91,50,90,81,68,50,50,50,50,50,64,50,54,50,50,50
939,Paulo Gazzaniga,GK,Girona,62,65,50,100,49,50,30,50,40,50,50,50,50,59,80,80,80
940,Jean-Philippe Gbamin,MD,Nantes,78,76,50,80,50,50,50,50,50,50,50,56,50,52,50,50,50
941,Mory Gbane,MD,Reims,78,90,50,88,68,53,50,50,50,50,50,68,50,77,50,50,50
942,Yann Gboho,AT,Toulouse,91,70,50,82,62,100,60,50,60,50,50,58,50,54,50,50,50
943,David de Gea,GK,Fiorentina,51,73,50,100,52,56,30,50,40,50,50,50,50,57,80,80,80
944,Viggo Gebel,MD,RB Leipzig,82,87,50,100,50,50,50,50,50,50,50,50,50,50,50,50,50
945,Lutsharel Geertruida,DF,RB Leipzig,70,81,50,91,65,74,50,50,50,50,60,78,60,95,50,50,50
946,Dennis Geiger,AT,Hoffenheim,90,82,50,91,64,68,60,50,60,50,50,54,50,55,50,50,50
947,Valentin Gendrey,DF,Lecce,71,76,50,90,55,56,50,50,50,50,60,60,60,51,50,50,50
948,Valentin Gendrey,DF,Hoffenheim,67,76,50,82,45,92,50,50,50,50,60,78,60,87,50,50,50
949,Denis Genreau,MD,Toulouse,74,77,50,91,50,65,50,50,50,50,50,56,50,54,50,50,50
950,Tyrique George,AT,Chelsea,69,85,50,93,50,59,60,50,60,50,50,50,50,50,50,50,50
951,Yannick Gerhardt,MD,Wolfsburg,68,84,50,77,42,53,50,50,50,50,50,76,50,82,50,50,50
952,Max Geschwill,DF,Holstein Kiel,70,80,50,84,50,80,50,50,50,50,60,100,60,97,50,50,50
953,Daniele Ghilardi,DF,Hellas Verona,58,86,50,89,48,56,50,50,50,50,60,80,60,100,50,50,50
954,Lautaro Gianetti,DF,Udinese,77,79,50,90,60,56,50,50,50,50,60,80,60,94,50,50,50
955,Dimitris Giannoulis,DF,Augsburg,59,75,50,85,46,100,50,50,50,50,60,100,60,100,50,50,50
956,Morgan Gibbs-White,MD,Nott'ham Forest,66,90,50,85,58,100,50,50,50,50,50,78,50,69,50,50,50
957,Samuel Gigot,DF,Lazio,74,88,50,91,66,50,50,50,50,50,60,62,60,68,50,50,50
958,Armin Gigovic,MD,Holstein Kiel,70,84,50,83,45,80,50,50,50,50,50,82,50,75,50,50,50
959,Bryan Gil,AT,Girona,70,67,50,90,44,100,60,50,60,50,50,70,50,59,50,50,50
960,Mario Gila,DF,Lazio,62,83,50,94,78,77,50,50,50,50,60,92,60,100,50,50,50
961,Billy Gilmour,MD,Brighton,68,95,50,94,57,50,50,50,50,50,50,50,50,51,50,50,50
962,Billy Gilmour,MD,Napoli,75,93,50,88,76,68,50,50,50,50,50,58,50,56,50,50,50
963,Benedikt Gimber,DF,Heidenheim,65,80,50,85,61,59,50,50,50,50,60,98,60,100,50,50,50
964,Santiago Giménez,AT,Milan,86,85,50,85,50,62,60,50,60,50,50,52,50,59,50,50,50
965,Gvidas Gineitis,MD,Torino,77,91,50,86,43,100,50,50,50,50,50,70,50,72,50,50,50
966,Matthias Ginter,DF,Freiburg,66,78,50,91,49,68,50,50,50,50,60,76,60,100,50,50,50
967,Jamie Gittens,AT,Dortmund,77,73,50,86,47,100,60,50,60,50,50,66,50,54,50,50,50
968,Serge Gnabry,AT,Bayern Munich,80,81,50,87,53,92,60,50,60,50,50,60,50,57,50,50,50
969,Ben Godfrey,DF,Ipswich Town,63,83,50,90,50,50,50,50,50,50,60,60,60,51,50,50,50
970,Ben Godfrey,DF,Atalanta,78,73,50,100,100,50,50,50,50,50,60,60,60,50,50,50,50
971,Martial Godo,AT,Fulham,78,78,50,66,50,50,60,50,60,50,50,52,50,50,50,50,50
972,Saba Goglichidze,DF,Empoli,71,75,50,86,51,56,50,50,50,50,60,100,60,100,50,50,50
973,Edoardo Goldaniga,DF,Como,72,81,50,94,51,59,50,50,50,50,60,94,60,100,50,50,50
974,Pierluigi Gollini,GK,Genoa,47,74,50,100,59,50,30,50,40,50,50,50,50,52,80,80,80
975,Aleksandr Golovin,AT,Monaco,79,73,50,83,59,100,60,50,60,50,50,70,50,56,50,50,50
976,André Gomes,MD,Lille,80,78,50,95,77,74,50,50,50,50,50,62,50,58,50,50,50
977,Angel Gomes,MD,Lille,75,94,50,85,63,92,50,50,50,50,50,50,50,52,50,50,50
978,João Gomes,MD,Wolves,81,88,50,89,62,100,50,50,50,50,50,90,50,79,50,50,50
979,Rodrigo Gomes,AT,Wolves,92,73,50,77,27,77,60,50,60,50,50,58,50,67,50,50,50
980,Toti Gomes,DF,Wolves,81,79,50,90,53,65,50,50,50,50,60,84,60,100,50,50,50
981,Carlos Gómez,AT,Rennes,81,81,50,86,40,65,60,50,60,50,50,54,50,52,50,50,50
982,Dani Gómez,AT,Valencia,74,71,50,88,50,53,60,50,60,50,50,54,50,54,50,50,50
983,Diego Gómez,MD,Brighton,81,83,50,86,50,56,50,50,50,50,50,56,50,53,50,50,50
984,Joe Gomez,DF,Liverpool,77,88,50,91,61,56,50,50,50,50,60,64,60,70,50,50,50
985,Moi Gómez,AT,Osasuna,82,83,50,90,58,80,60,50,60,50,50,60,50,55,50,50,50
986,Sergi Gómez,DF,Espanyol,68,70,50,92,56,50,50,50,50,50,60,64,60,86,50,50,50
987,Sergio Gómez,MD,Real Sociedad,85,76,50,90,46,100,50,50,50,50,50,80,50,72,50,50,50
988,Unai Gómez,AT,Athletic Club,80,79,50,77,50,74,60,50,60,50,50,54,50,58,50,50,50
989,Tidiam Gomis,MD,RB Leipzig,86,90,50,100,100,53,50,50,50,50,50,50,50,50,50,50,50
990,Fabio González,MD,Las Palmas,74,86,50,83,80,50,50,50,50,50,50,50,50,50,50,50,50
991,Nicolás González,MD,Manchester City,84,84,50,98,80,53,50,50,50,50,50,54,50,56,50,50,50
992,Nicolás González,AT,Juventus,86,73,50,81,50,80,60,50,60,50,50,60,50,65,50,50,50
993,Urko González,MD,Espanyol,79,95,50,83,85,53,50,50,50,50,50,56,50,58,50,50,50
994,Urko González,MD,Real Sociedad,73,77,50,63,100,50,50,50,50,50,50,50,50,50,50,50,50
995,Anthony Gordon,AT,Newcastle Utd,68,69,50,85,40,100,60,50,60,50,50,62,50,59,50,50,50
996,Leon Goretzka,MD,Bayern Munich,83,88,50,94,66,77,50,50,50,50,50,72,50,67,50,50,50
997,Mathieu Gorgelin,GK,Le Havre,45,64,50,100,54,50,30,50,40,50,50,50,50,54,80,80,80
998,Andoni Gorosabel,DF,Athletic Club,59,74,50,95,51,77,50,50,50,50,60,68,60,78,50,50,50
999,Robin Gosens,DF,Fiorentina,70,83,50,84,54,100,50,50,50,50,60,80,60,100,50,50,50
1000,Robin Gosens,DF,Union Berlin,62,86,50,76,25,53,50,50,50,50,60,60,60,52,50,50,50
1001,Mario Götze,AT,Eint Frankfurt,87,65,50,89,43,100,60,50,60,50,50,62,50,57,50,50,50
1002,Amine Gouiri,AT,Marseille,80,80,50,91,50,92,60,50,60,50,50,50,50,51,50,50,50
1003,Amine Gouiri,AT,Rennes,90,79,50,87,60,74,60,50,60,50,50,54,50,55,50,50,50
1004,Lucas Gourna-Douath,MD,Roma,68,93,50,95,100,53,50,50,50,50,50,50,50,51,50,50,50
1005,Jeffrey Gouweleeuw,DF,Augsburg,82,78,50,86,56,77,50,50,50,50,60,98,60,100,50,50,50
1006,Kamil Grabara,GK,Wolfsburg,48,75,50,100,43,56,30,50,40,50,50,50,50,58,80,80,80
1007,Jonathan Gradit,DF,Lens,74,68,50,89,52,68,50,50,50,50,60,94,60,100,50,50,50
1008,José Gragera,MD,Espanyol,81,95,50,85,70,53,50,50,50,50,50,60,50,63,50,50,50
1009,Samuel Grandsir,AT,Le Havre,86,82,50,71,40,59,60,50,60,50,50,50,50,50,50,50,50
1010,Alberto Grassi,MD,Empoli,86,92,50,82,45,65,50,50,50,50,50,90,50,79,50,50,50
1011,Ryan Gravenberch,MD,Liverpool,87,85,50,92,61,100,50,50,50,50,50,100,50,100,50,50,50
1012,Archie Gray,DF,Tottenham,69,86,50,92,62,53,50,50,50,50,60,66,60,87,50,50,50
1013,Jack Grealish,AT,Manchester City,91,84,50,93,61,100,60,50,60,50,50,54,50,54,50,50,50
1014,Jacob Greaves,DF,Ipswich Town,79,82,50,92,41,56,50,50,50,50,60,84,60,100,50,50,50
1015,Mason Greenwood,AT,Marseille,72,75,50,85,56,100,60,50,60,50,50,68,50,55,50,50,50
1016,Michael Gregoritsch,AT,Freiburg,92,83,50,65,83,62,60,50,60,50,50,50,50,57,50,50,50
1017,Dominik Greif,GK,Mallorca,49,68,50,100,47,50,30,50,40,50,50,50,50,55,80,80,80
1018,Antoine Griezmann,AT,Atlético Madrid,80,86,50,85,57,100,60,50,60,50,50,60,50,68,50,50,50
1019,Vincenzo Grifo,AT,Freiburg,70,70,50,90,45,100,60,50,60,50,50,56,50,62,50,50,50
1020,Florian Grillitsch,MD,Valladolid,77,83,50,86,65,68,50,50,50,50,50,54,50,54,50,50,50
1021,Florian Grillitsch,MD,Hoffenheim,67,76,50,92,68,65,50,50,50,50,50,66,50,68,50,50,50
1022,Álex Grimaldo,DF,Leverkusen,67,77,50,92,48,100,50,50,50,50,60,78,60,82,50,50,50
1023,Pascal Groß,MD,Dortmund,81,75,50,93,49,100,50,50,50,50,50,66,50,69,50,50,50
1024,Brajan Gruda,AT,Brighton,80,84,50,84,33,83,60,50,60,50,50,54,50,53,50,50,50
1025,Marco Grüll,AT,Werder Bremen,71,78,50,86,50,77,60,50,60,50,50,56,50,55,50,50,50
1026,Albert Grønbaek,AT,Southampton,76,68,50,81,50,53,60,50,60,50,50,50,50,51,50,50,50
1027,Albert Grønbaek,AT,Rennes,81,70,50,78,38,100,60,50,60,50,50,58,50,56,50,50,50
1028,Vicente Guaita,GK,Celta Vigo,50,71,50,99,51,50,30,50,40,50,50,50,50,66,80,80,80
1029,Sergi Guardiola,AT,Rayo Vallecano,69,80,50,77,60,65,60,50,60,50,50,52,50,52,50,50,50
1030,Nemanja Gudelj,MD,Sevilla,83,92,50,94,46,89,50,50,50,50,50,92,50,100,50,50,50
1031,Gabriel Gudmundsson,DF,Lille,70,68,50,88,56,92,50,50,50,50,60,74,60,82,50,50,50
1032,Gonçalo Guedes,AT,Wolves,88,65,50,83,44,83,60,50,60,50,50,60,50,53,50,50,50
1033,Axel Gueguin,AT,Montpellier,77,72,50,100,50,50,60,50,60,50,50,50,50,50,50,50,50
1034,Marc Guéhi,DF,Crystal Palace,72,87,50,90,55,77,50,50,50,50,60,92,60,100,50,50,50
1035,Mattéo Guendouzi,MD,Lazio,72,78,50,94,75,100,50,50,50,50,50,100,50,83,50,50,50
1036,Javier Guerra,MD,Valencia,85,86,50,86,51,100,50,50,50,50,50,72,50,79,50,50,50
1037,Raphaël Guerreiro,MD,Bayern Munich,73,91,50,94,48,100,50,50,50,50,50,68,50,62,50,50,50
1038,Evann Guessand,AT,Nice,79,81,50,81,52,100,60,50,60,50,50,70,50,63,50,50,50
1039,Ander Guevara,MD,Alavés,75,90,50,83,63,74,50,50,50,50,50,66,50,82,50,50,50
1040,Pape Gueye,AT,Villarreal,84,73,50,88,59,86,60,50,60,50,50,70,50,90,50,50,50
1041,Morgan Guilavogui,AT,St. Pauli,87,67,50,76,48,100,60,50,60,50,50,70,50,77,50,50,50
1042,Frederic Guilbert,DF,Lecce,66,86,50,87,56,86,50,50,50,50,60,100,60,100,50,50,50
1043,Luis Guilherme,AT,West Ham,69,69,50,93,75,56,60,50,60,50,50,54,50,51,50,50,50
1044,Hugo Guillamón,MD,Valencia,70,76,50,87,56,56,50,50,50,50,50,60,50,59,50,50,50
1045,Bruno Guimarães,MD,Newcastle Utd,72,79,50,90,58,100,50,50,50,50,50,98,50,81,50,50,50
1046,Carlos Guirao,MD,Betis,73,79,50,90,60,50,50,50,50,50,50,56,50,52,50,50,50
1047,Bahereba Guirassy,AT,Nantes,81,66,50,79,40,53,60,50,60,50,50,52,50,54,50,50,50
1048,Serhou Guirassy,AT,Dortmund,69,67,50,83,66,100,60,50,60,50,50,56,50,78,50,50,50
1049,Marc Guiu,AT,Chelsea,76,65,50,69,50,53,60,50,60,50,50,50,50,50,50,50,50
1050,Péter Gulácsi,GK,RB Leipzig,43,75,50,100,58,50,30,50,40,50,50,50,50,59,80,80,80
1051,Arda Güler,AT,Real Madrid,76,81,50,92,71,100,60,50,60,50,50,56,50,56,50,50,50
1052,Gerard Gumbau,MD,Rayo Vallecano,73,82,50,83,44,92,50,50,50,50,50,56,50,60,50,50,50
1053,Robert Gumny,DF,Augsburg,79,74,50,85,45,56,50,50,50,50,60,60,60,55,50,50,50
1054,İlkay Gündoğan,MD,Manchester City,65,80,50,94,56,100,50,50,50,50,50,74,50,67,50,50,50
1055,Christian Günter,DF,Freiburg,77,88,50,87,41,100,50,50,50,50,60,66,60,93,50,50,50
1056,Jon Guridi,AT,Alavés,79,68,50,80,69,86,60,50,60,50,50,70,50,58,50,50,50
1057,Gorka Guruzeta,AT,Athletic Club,71,69,50,80,50,86,60,50,60,50,50,60,50,65,50,50,50
1058,Malo Gusto,DF,Chelsea,75,69,50,93,61,92,50,50,50,50,60,86,60,88,50,50,50
1059,Miguel Gutiérrez,MD,Girona,64,91,50,92,61,100,50,50,50,50,50,76,50,75,50,50,50
1060,Albert Guðmundsson,AT,Fiorentina,77,78,50,92,41,74,60,50,60,50,50,60,50,55,50,50,50
1061,Joško Gvardiol,DF,Manchester City,82,85,50,93,67,100,50,50,50,50,60,100,60,100,50,50,50
1062,Emmanuel Gyasi,AT,Empoli,86,65,50,87,53,74,60,50,60,50,50,62,50,100,50,50,50
1063,Christian Gytkjær,AT,Venezia,86,71,50,61,75,59,60,50,60,50,50,50,50,54,50,50,50
1064,Erling Haaland,AT,Manchester City,90,85,50,69,66,100,60,50,60,50,50,58,50,72,50,50,50
1065,Nicolas Haas,MD,Empoli,82,87,50,82,55,56,50,50,50,50,50,58,50,56,50,50,50
1066,Janik Haberer,MD,Union Berlin,84,76,50,83,45,56,50,50,50,50,50,66,50,71,50,50,50
1067,Robin Hack,AT,Gladbach,79,84,50,89,53,92,60,50,60,50,50,62,50,73,50,50,50
1068,Saad El Haddad,MD,Venezia,71,84,50,100,100,53,50,50,50,50,50,50,50,50,50,50,50
1069,Munir El Haddadi,AT,Leganés,70,73,50,83,12,59,60,50,60,50,50,50,50,51,50,50,50
1070,Amadou Haidara,MD,RB Leipzig,73,82,50,87,50,62,50,50,50,50,50,84,50,100,50,50,50
1071,Massadio Haïdara,DF,Brest,76,75,50,92,32,59,50,50,50,50,60,76,60,100,50,50,50
1072,Antoine Hainaut,MD,Parma,63,87,50,82,45,62,50,50,50,50,50,74,50,87,50,50,50
1073,Mohamed Haj,MD,Parma,70,78,50,83,50,77,50,50,50,50,50,58,50,55,50,50,50
1074,Achraf Hakimi,DF,Paris S-G,90,86,50,93,64,100,50,50,50,50,60,100,60,63,50,50,50
1075,Lewis Hall,DF,Newcastle Utd,72,79,50,91,51,100,50,50,50,50,60,86,60,100,50,50,50
1076,Sébastien Haller,AT,Leganés,75,81,50,70,50,53,60,50,60,50,50,50,50,57,50,50,50
1077,Ali Al Hamadi,AT,Ipswich Town,90,65,50,87,50,56,60,50,60,50,50,50,50,52,50,50,50
1078,Andreas Hanche-Olsen,DF,Mainz 05,69,86,50,95,36,56,50,50,50,50,60,60,60,90,50,50,50
1079,Florent Hanin,DF,Angers,69,83,50,88,50,100,50,50,50,50,60,100,60,100,50,50,50
1080,Ridgeciano Haps,DF,Venezia,69,75,50,91,47,65,50,50,50,50,60,62,60,89,50,50,50
1081,Amine Harit,MD,Marseille,77,76,50,93,42,98,50,50,50,50,50,56,50,51,50,50,50
1082,Marcus Harness,MD,Ipswich Town,68,76,50,81,50,50,50,50,50,50,50,50,50,51,50,50,50
1083,Phil Harres,AT,Holstein Kiel,79,74,50,60,75,74,60,50,60,50,50,58,50,62,50,50,50
1084,Jack Harrison,AT,Everton,87,82,50,84,34,100,60,50,60,50,50,62,50,73,50,50,50
1085,Abdou Harroui,AT,Hellas Verona,90,82,50,90,40,62,60,50,60,50,50,54,50,55,50,50,50
1086,Taylor Harwood-Bellis,DF,Southampton,81,79,50,93,63,83,50,50,50,50,60,100,60,100,50,50,50
1087,Hans Hateboer,DF,Rennes,72,88,50,91,64,92,50,50,50,50,60,100,60,100,50,50,50
1088,Kjetil Haug,GK,Toulouse,46,74,50,100,35,50,30,50,40,50,50,50,50,53,80,80,80
1089,Kai Havertz,AT,Arsenal,85,70,50,84,45,98,60,50,60,50,50,62,50,81,50,50,50
1090,Jan Paul van Hecke,DF,Brighton,77,76,50,93,67,86,50,50,50,50,60,92,60,100,50,50,50
1091,Hwang Hee-chan,AT,Wolves,72,66,50,86,80,59,60,50,60,50,50,54,50,61,50,50,50
1092,Dean Henderson,GK,Crystal Palace,45,74,50,100,29,53,30,50,40,50,50,50,50,68,80,80,80
1093,Liam Henderson,MD,Empoli,67,79,50,81,40,100,50,50,50,50,50,74,50,82,50,50,50
1094,Ramon Hendriks,DF,Stuttgart,71,70,50,93,42,62,50,50,50,50,60,76,60,90,50,50,50
1095,Paul Hennrich,MD,Hoffenheim,63,86,50,100,50,50,50,50,50,50,50,50,50,50,50,50,50
1096,Benjamin Henrichs,DF,RB Leipzig,68,78,50,87,38,83,50,50,50,50,60,80,60,83,50,50,50
1097,Luis Henrique,AT,Marseille,92,69,50,88,55,100,60,50,60,50,50,60,50,76,50,50,50
1098,Rico Henry,DF,Brentford,63,87,50,33,50,50,50,50,50,50,60,60,60,50,50,50,50
1099,Mads Hermansen,GK,Leicester City,54,74,50,98,33,50,30,50,40,50,50,50,50,59,80,80,80
1100,Mario Hermoso,DF,Roma,59,73,50,90,78,50,50,50,50,50,60,60,60,63,50,50,50
1101,Mario Hermoso,DF,Leverkusen,76,78,50,93,47,56,50,50,50,50,60,68,60,65,50,50,50
1102,Javi Hernández,DF,Leganés,63,81,50,84,34,86,50,50,50,50,60,88,60,100,50,50,50
1103,Aridane Hernández,DF,Rayo Vallecano,73,69,50,87,63,50,50,50,50,50,60,60,60,71,50,50,50
1104,Lucas Hernández,DF,Paris S-G,79,86,50,94,57,50,50,50,50,50,60,60,60,68,50,50,50
1105,Theo Hernández,DF,Milan,88,87,50,93,47,100,50,50,50,50,60,78,60,100,50,50,50
1106,Hernani,MD,Parma,74,90,50,84,59,100,50,50,50,50,50,82,50,58,50,50,50
1107,Jorge Herrando,DF,Osasuna,75,75,50,89,38,50,50,50,50,50,60,60,60,86,50,50,50
1108,Ander Herrera,MD,Athletic Club,70,84,50,93,76,56,50,50,50,50,50,54,50,60,50,50,50
1109,Sergio Herrera,GK,Osasuna,57,63,50,98,52,50,30,50,40,50,50,50,50,72,80,80,80
1110,Yangel Herrera,MD,Girona,85,78,50,90,52,89,50,50,50,50,50,98,50,84,50,50,50
1111,Juan Herzog,DF,Las Palmas,63,76,50,89,62,50,50,50,50,50,60,66,60,93,50,50,50
1112,Son Heung-min,AT,Tottenham,68,67,50,90,50,100,60,50,60,50,50,58,50,66,50,50,50
1113,Isak Hien,DF,Atalanta,58,87,50,89,84,53,50,50,50,50,60,90,60,100,50,50,50
1114,Omar El Hilali,DF,Espanyol,66,82,50,87,53,68,50,50,50,50,60,100,60,100,50,50,50
1115,James Hill,DF,Bournemouth,82,77,50,73,36,56,50,50,50,50,60,64,60,69,50,50,50
1116,Piero Hincapié,DF,Leverkusen,67,78,50,93,59,83,50,50,50,50,60,100,60,100,50,50,50
1117,Jack Hinshelwood,MD,Brighton,70,76,50,92,52,71,50,50,50,50,50,64,50,79,50,50,50
1118,George Hirst,AT,Ipswich Town,78,69,50,63,50,59,60,50,60,50,50,52,50,55,50,50,50
1119,Adam Hložek,AT,Hoffenheim,70,80,50,74,45,92,60,50,60,50,50,58,50,68,50,50,50
1120,Ki-Jana Hoever,DF,Auxerre,79,79,50,81,54,92,50,50,50,50,60,80,60,95,50,50,50
1121,Nicolas Höfler,MD,Freiburg,77,82,50,88,80,59,50,50,50,50,50,76,50,78,50,50,50
1122,Jonas Hofmann,MD,Leverkusen,85,86,50,91,50,62,50,50,50,50,50,50,50,52,50,50,50
1123,Philipp Hofmann,AT,Bochum,70,81,50,71,47,100,60,50,60,50,50,58,50,76,50,50,50
1124,Lucas Höler,AT,Freiburg,73,80,50,75,20,98,60,50,60,50,50,62,50,70,50,50,50
1125,Mason Holgate,AT,Everton,91,69,50,50,100,50,60,50,60,50,50,50,50,50,50,50,50
1126,Benedict Hollerbach,AT,Union Berlin,83,78,50,81,48,100,60,50,60,50,50,54,50,59,50,50,50
1127,Emil Holm,DF,Bologna,66,80,50,87,57,71,50,50,50,50,60,66,60,88,50,50,50
1128,Lewis Holtby,MD,Holstein Kiel,72,76,50,89,47,100,50,50,50,50,50,90,50,76,50,50,50
1129,Gerrit Holtmann,AT,Bochum,79,80,50,84,42,86,60,50,60,50,50,70,50,61,50,50,50
1130,Franck Honorat,AT,Gladbach,79,80,50,83,41,100,60,50,60,50,50,58,50,71,50,50,50
1131,Mathias Honsak,AT,Heidenheim,75,85,50,77,50,80,60,50,60,50,50,62,50,76,50,50,50
1132,Dinko Horkaš,GK,Las Palmas,56,70,50,100,58,50,30,50,40,50,50,50,50,52,80,80,80
1133,Timo Horn,GK,Bochum,57,75,50,100,46,50,30,50,40,50,50,50,50,52,80,80,80
1134,Cédric Hountondji,DF,Angers,82,85,50,83,50,50,50,50,50,50,60,60,60,64,50,50,50
1135,Ilyes Housni,AT,Le Havre,74,80,50,70,50,56,60,50,60,50,50,52,50,52,50,50,50
1136,Lukáš Hrádecký,GK,Leverkusen,49,73,50,100,51,50,30,50,40,50,50,50,50,55,80,80,80
1137,Robin Hranáč,DF,Hoffenheim,59,70,50,89,52,50,50,50,50,50,60,60,60,59,50,50,50
1138,Callum Hudson-Odoi,AT,Nott'ham Forest,80,65,50,92,48,100,60,50,60,50,50,70,50,60,50,50,50
1139,Will Hughes,MD,Crystal Palace,80,87,50,88,40,100,50,50,50,50,50,82,50,68,50,50,50
1140,Dean Huijsen,DF,Bournemouth,67,87,50,88,63,83,50,50,50,50,60,100,60,100,50,50,50
1141,Mats Hummels,DF,Roma,59,80,50,93,70,53,50,50,50,50,60,86,60,78,50,50,50
1142,Omari Hutchinson,AT,Ipswich Town,81,65,50,87,55,100,60,50,60,50,50,70,50,63,50,50,50
1143,Elseid Hysaj,DF,Lazio,81,74,50,89,75,65,50,50,50,50,60,60,60,61,50,50,50
1144,Hong Hyunseok,MD,Mainz 05,63,89,50,84,44,59,50,50,50,50,50,64,50,57,50,50,50
1145,Pierre Højbjerg,MD,Marseille,81,88,50,95,66,100,50,50,50,50,50,100,50,79,50,50,50
1146,Oscar Højlund,MD,Eint Frankfurt,69,88,50,96,63,62,50,50,50,50,50,58,50,55,50,50,50
1147,Rasmus Højlund,AT,Manchester Utd,77,68,50,84,75,86,60,50,60,50,50,52,50,53,50,50,50
1148,Pablo Ibáñez,MD,Osasuna,86,78,50,83,57,62,50,50,50,50,50,74,50,65,50,50,50
1149,Hafiz Ibrahim,AT,Reims,82,74,50,50,50,50,60,50,60,50,50,50,50,50,50,50,50
1150,Arijon Ibrahimović,AT,Bayern Munich,75,69,50,100,50,50,60,50,60,50,50,50,50,50,50,50,50
1151,Stanis Idumbo,AT,Sevilla,75,66,50,85,66,65,60,50,60,50,50,58,50,51,50,50,50
1152,Jay Idzes,DF,Venezia,76,83,50,90,51,65,50,50,50,50,60,90,60,100,50,50,50
1153,Iglesias,DF,Getafe,81,76,50,74,34,100,50,50,50,50,60,100,60,100,50,50,50
1154,Borja Iglesias,AT,Celta Vigo,70,73,50,81,72,86,60,50,60,50,50,58,50,56,50,50,50
1155,Igor,DF,Brighton,59,71,50,96,71,53,50,50,50,50,60,60,60,89,50,50,50
1156,Kelechi Iheanacho,AT,Sevilla,70,79,50,81,80,65,60,50,60,50,50,50,50,51,50,50,50
1157,Jonathan Ikone,AT,Como,78,83,50,54,50,53,60,50,60,50,50,50,50,50,50,50,50
1158,Jonathan Ikone,AT,Fiorentina,91,70,50,91,75,56,60,50,60,50,50,52,50,51,50,50,50
1159,George Ilenikhena,AT,Monaco,81,81,50,74,100,74,60,50,60,50,50,54,50,50,50,50,50
1160,Andrej Ilic,AT,Union Berlin,91,81,50,71,50,56,60,50,60,50,50,54,50,53,50,50,50
1161,Ivan Ilić,MD,Torino,86,91,50,87,67,68,50,50,50,50,50,58,50,56,50,50,50
1162,Rareş Ilie,MD,Nice,77,94,50,80,100,62,50,50,50,50,50,50,50,50,50,50,50
1163,Samuel Iling-Junior,AT,Bologna,91,79,50,85,41,53,60,50,60,50,50,54,50,52,50,50,50
1164,Danny Ings,AT,West Ham,78,65,50,83,20,68,60,50,60,50,50,52,50,54,50,50,50
1165,Alessio Iovine,AT,Como,83,81,50,85,50,59,60,50,60,50,50,56,50,71,50,50,50
1166,Tim Iroegbunam,MD,Everton,81,87,50,71,68,59,50,50,50,50,50,70,50,60,50,50,50
1167,Jackson Irvine,MD,St. Pauli,80,83,50,78,50,100,50,50,50,50,50,100,50,100,50,50,50
1168,Andy Irving,MD,West Ham,78,95,50,95,100,53,50,50,50,50,50,52,50,55,50,50,50
1169,Alexander Isak,AT,Newcastle Utd,78,80,50,82,60,100,60,50,60,50,50,54,50,62,50,50,50
1170,Gustav Isaksen,AT,Lazio,79,85,50,89,54,100,60,50,60,50,50,66,50,64,50,50,50
1171,Isco,MD,Betis,69,92,50,89,63,100,50,50,50,50,50,62,50,53,50,50,50
1172,Ismaily,DF,Lille,58,83,50,93,64,59,50,50,50,50,60,60,60,73,50,50,50
1173,Ardian Ismajli,DF,Empoli,82,69,50,89,60,50,50,50,50,50,60,100,60,100,50,50,50
1174,Yanis Issoufou,AT,Montpellier,69,81,50,70,50,50,60,50,60,50,50,50,50,51,50,50,50
1175,Ko Itakura,DF,Gladbach,59,76,50,95,52,68,50,50,50,50,60,88,60,100,50,50,50
1176,Hiroki Ito,DF,Bayern Munich,76,74,50,92,42,56,50,50,50,50,60,60,60,63,50,50,50
1177,Junya Ito,AT,Reims,88,71,50,83,39,100,60,50,60,50,50,70,50,58,50,50,50
1178,Marko Ivezić,DF,Holstein Kiel,77,88,50,90,60,59,50,50,50,50,60,96,60,100,50,50,50
1179,Alex Iwobi,AT,Fulham,79,83,50,86,57,100,60,50,60,50,50,68,50,76,50,50,50
1180,Armando Izzo,DF,Monza,79,77,50,93,68,80,50,50,50,50,60,100,60,100,50,50,50
1181,Fellipe Jack,DF,Como,63,86,50,92,70,53,50,50,50,50,60,60,60,55,50,50,50
1182,Nicolas Jackson,AT,Chelsea,83,69,50,81,54,100,60,50,60,50,50,54,50,65,50,50,50
1183,Jérémy Jacquet,DF,Rennes,80,74,50,83,75,56,50,50,50,50,60,82,60,82,50,50,50
1184,Lee Jae-sung,MD,Mainz 05,87,91,50,84,66,100,50,50,50,50,50,100,50,79,50,50,50
1185,Ivan Jaime Pajuelo,MD,Valencia,77,89,50,90,40,59,50,50,50,50,50,54,50,50,50,50,50
1186,Kristijan Jakić,MD,Augsburg,71,81,50,85,68,77,50,50,50,50,50,98,50,88,50,50,50
1187,Karl Jakob Hein,GK,Valladolid,56,62,50,100,45,50,30,50,40,50,50,50,50,66,80,80,80
1188,Ismail Jakobs,DF,Monaco,61,80,50,89,72,62,50,50,50,50,60,60,60,56,50,50,50
1189,Jordan James,MD,Rennes,65,84,50,87,67,100,50,50,50,50,50,74,50,65,50,50,50
1190,Reece James,MD,Chelsea,85,84,50,95,51,71,50,50,50,50,50,64,50,62,50,50,50
1191,Vitaly Janelt,MD,Brentford,66,86,50,90,55,89,50,50,50,50,50,100,50,97,50,50,50
1192,Adnan Januzaj,AT,Las Palmas,74,67,50,90,47,77,60,50,60,50,50,50,50,52,50,50,50
1193,Vitezslav Jaros,GK,Liverpool,41,67,50,50,71,50,30,50,40,50,50,50,50,50,80,80,80
1194,Ali Jasim,AT,Como,87,78,50,100,50,50,60,50,60,50,50,50,50,50,50,50,50
1195,Mikel Jauregizar,MD,Athletic Club,66,88,50,88,67,100,50,50,50,50,50,90,50,66,50,50,50
1196,Dominik Javorček,MD,Holstein Kiel,87,79,50,91,42,59,50,50,50,50,50,60,50,74,50,50,50
1197,Gaby Jean,DF,Lecce,82,80,50,93,49,53,50,50,50,50,60,66,60,100,50,50,50
1198,Daniel Jebbison,AT,Bournemouth,92,72,50,87,50,59,60,50,60,50,50,52,50,51,50,50,50
1199,Finn Jeltsch,DF,Stuttgart,69,69,50,94,50,50,50,50,50,50,60,60,60,54,50,50,50
1200,Malcolm Jeng,DF,Reims,59,83,50,90,50,50,50,50,50,50,60,60,60,51,50,50,50
1201,Fredrik Jensen,MD,Augsburg,72,93,50,80,61,68,50,50,50,50,50,56,50,64,50,50,50
1202,Mathias Jensen,MD,Brentford,70,78,50,86,54,92,50,50,50,50,50,62,50,59,50,50,50
1203,Moritz Jenz,DF,Mainz 05,74,84,50,91,43,59,50,50,50,50,60,84,60,100,50,50,50
1204,Gabriel Jesus,AT,Arsenal,92,73,50,80,66,74,60,50,60,50,50,58,50,58,50,50,50
1205,Juan Jesus,DF,Napoli,75,75,50,94,78,53,50,50,50,50,60,62,60,83,50,50,50
1206,Alejandro Jiménez,AT,Milan,90,85,50,84,60,71,60,50,60,50,50,66,50,66,50,50,50
1207,Raúl Jiménez,AT,Fulham,78,79,50,81,57,92,60,50,60,50,50,68,50,63,50,50,50
1208,Kim Jisoo,DF,Brentford,65,87,50,88,85,50,50,50,50,50,60,60,60,52,50,50,50
1209,João Pedro,AT,Brighton,87,65,50,77,67,100,60,50,60,50,50,62,50,59,50,50,50
1210,John Joe,AT,Getafe,81,82,50,92,100,50,60,50,60,50,50,50,50,51,50,50,50
1211,John Joe,MD,Reims,87,88,50,76,30,50,50,50,50,50,50,60,50,54,50,50,50
1212,Joelinton,AT,Newcastle Utd,89,77,50,87,52,100,60,50,60,50,50,70,50,90,50,50,50
1213,Jofre,AT,Espanyol,71,80,50,83,46,100,60,50,60,50,50,70,50,71,50,50,50
1214,Þórir Jóhann Helgason,MD,Lecce,75,88,50,74,52,98,50,50,50,50,50,58,50,56,50,50,50
1215,Carl Johansson,DF,Holstein Kiel,64,70,50,93,68,62,50,50,50,50,60,62,60,75,50,50,50
1216,Ben Johnson,AT,Ipswich Town,90,80,50,88,42,68,60,50,60,50,50,70,50,83,50,50,50
1217,Brennan Johnson,AT,Tottenham,78,72,50,80,42,95,60,50,60,50,50,58,50,61,50,50,50
1218,Karl-Johan Johnsson,GK,Strasbourg,50,73,50,100,37,50,30,50,40,50,50,50,50,53,80,80,80
1219,Sam Johnstone,GK,Wolves,39,63,50,96,45,53,30,50,40,50,50,50,50,57,80,80,80
1220,Paul Joly,DF,Auxerre,58,82,50,82,41,86,50,50,50,50,60,92,60,77,50,50,50
1221,Curtis Jones,AT,Liverpool,82,76,50,97,75,98,60,50,60,50,50,58,50,56,50,50,50
1222,Frenkie de Jong,MD,Barcelona,82,89,50,97,79,89,50,50,50,50,50,56,50,55,50,50,50
1223,Joan Jordán,MD,Alavés,63,79,50,84,46,100,50,50,50,50,50,64,50,61,50,50,50
1224,Jorginho,MD,Arsenal,67,77,50,89,57,59,50,50,50,50,50,60,50,52,50,50,50
1225,Jesse Joronen,GK,Venezia,50,71,50,100,39,50,30,50,40,50,50,50,50,54,80,80,80
1226,Jota,AT,Rennes,72,70,50,84,38,65,60,50,60,50,50,56,50,52,50,50,50
1227,Diogo Jota,AT,Liverpool,80,65,50,79,56,77,60,50,60,50,50,62,50,55,50,50,50
1228,Antoine Joujou,AT,Le Havre,68,69,50,71,53,89,60,50,60,50,50,66,50,67,50,50,50
1229,Luka Jović,AT,Milan,73,67,50,86,100,56,60,50,60,50,50,52,50,51,50,50,50
1230,Juanmi,AT,Getafe,83,84,50,75,80,53,60,50,60,50,50,54,50,53,50,50,50
1231,Juanmi,AT,Betis,89,66,50,90,100,62,60,50,60,50,50,52,50,54,50,50,50
1232,Juanpe,DF,Girona,79,78,50,92,62,56,50,50,50,50,60,66,60,95,50,50,50
1233,Jubal,DF,Auxerre,63,69,50,92,52,62,50,50,50,50,60,82,60,100,50,50,50
1234,Anthony Jung,DF,Werder Bremen,79,71,50,92,68,56,50,50,50,50,60,98,60,100,50,50,50
1235,Luiz Lúcio Reis Júnior,GK,Villarreal,44,76,50,100,48,50,30,50,40,50,50,50,50,58,80,80,80
1236,Hamed Junior Traorè,MD,Auxerre,77,84,50,87,46,100,50,50,50,50,50,62,50,59,50,50,50
1237,Vinicius Júnior,AT,Real Madrid,87,82,50,82,59,100,60,50,60,50,50,54,50,51,50,50,50
1238,Josip Juranović,MD,Union Berlin,65,89,50,79,49,100,50,50,50,50,50,54,50,70,50,50,50
1239,David Jurásek,DF,Hoffenheim,74,82,50,83,41,68,50,50,50,50,60,60,60,61,50,50,50
1240,Stanko Jurić,MD,Valladolid,76,80,50,89,58,59,50,50,50,50,50,82,50,96,50,50,50
1241,James Justin,DF,Leicester City,66,69,50,86,32,80,50,50,50,50,60,100,60,100,50,50,50
1242,Filip Jørgensen,GK,Chelsea,50,61,50,100,27,50,30,50,40,50,50,50,50,50,80,80,80
1243,Mohamed Kaba,MD,Lecce,65,80,50,82,28,50,50,50,50,50,50,54,50,55,50,50,50
1244,Yusuf Kabadayı,AT,Augsburg,82,78,50,90,50,53,60,50,60,50,50,50,50,50,50,50,50
1245,Almugera Kabar,DF,Dortmund,69,71,50,92,40,56,50,50,50,50,60,60,60,53,50,50,50
1246,Christian Kabasele,DF,Udinese,70,72,50,91,70,65,50,50,50,50,60,70,60,94,50,50,50
1247,Issa Kaboré,AT,Werder Bremen,84,80,50,91,40,65,60,50,60,50,50,54,50,57,50,50,50
1248,Yaya Kader Fofana,AT,Reims,81,78,50,84,63,71,60,50,60,50,50,56,50,52,50,50,50
1249,Pavel Kadeřábek,DF,Hoffenheim,80,86,50,85,40,95,50,50,50,50,60,76,60,83,50,50,50
1250,Tino Kadewere,AT,Nantes,71,67,50,76,66,74,60,50,60,50,50,60,50,58,50,50,50
1251,Ferdi Kadioglu,MD,Brighton,83,75,50,89,64,65,50,50,50,50,50,66,50,67,50,50,50
1252,Arnaud Kalimuendo,AT,Rennes,87,73,50,83,81,86,60,50,60,50,50,58,50,58,50,50,50
1253,Pierre Kalulu,DF,Juventus,73,68,50,95,73,71,50,50,50,50,60,74,60,99,50,50,50
1254,Justin-Noël Kalumba,AT,Angers,84,77,50,85,50,50,60,50,60,50,50,52,50,51,50,50,50
1255,Daichi Kamada,MD,Crystal Palace,66,78,50,87,57,95,50,50,50,50,50,76,50,58,50,50,50
1256,Waren Kamanzi,MD,Toulouse,86,80,50,89,50,74,50,50,50,50,50,64,50,69,50,50,50
1257,Boubacar Kamara,MD,Aston Villa,74,94,50,94,55,68,50,50,50,50,50,76,50,86,50,50,50
1258,Glen Kamara,MD,Rennes,79,83,50,91,95,65,50,50,50,50,50,64,50,57,50,50,50
1259,Hassane Kamara,DF,Udinese,62,81,50,90,56,100,50,50,50,50,60,88,60,84,50,50,50
1260,Willy Kambwala,DF,Villarreal,63,85,50,91,55,50,50,50,50,50,60,60,60,83,50,50,50
1261,Jakub Kamiński,MD,Wolfsburg,66,76,50,88,51,95,50,50,50,50,50,70,50,66,50,50,50
1262,Kevin Kampl,MD,RB Leipzig,63,94,50,95,62,98,50,50,50,50,50,96,50,72,50,50,50
1263,Nordine Kandil,MD,Strasbourg,66,84,50,50,50,50,50,50,50,50,50,50,50,51,50,50,50
1264,Harry Kane,AT,Bayern Munich,73,82,50,82,73,100,60,50,60,50,50,54,50,57,50,50,50
1265,Lee Kang-in,AT,Paris S-G,89,81,50,93,65,100,60,50,60,50,50,54,50,53,50,50,50
1266,Yann Karamoh,AT,Torino,88,73,50,79,52,77,60,50,60,50,50,56,50,55,50,50,50
1267,Atakan Karazor,MD,Stuttgart,68,79,50,90,66,83,50,50,50,50,50,92,50,82,50,50,50
1268,Jesper Karlsson,AT,Bologna,79,69,50,79,25,56,60,50,60,50,50,50,50,53,50,50,50
1269,Jesper Karlsson,AT,Lecce,84,78,50,83,42,62,60,50,60,50,50,50,50,50,50,50,50
1270,Jesper Karlström,MD,Udinese,67,77,50,88,58,86,50,50,50,50,50,100,50,100,50,50,50
1271,Lior Kasa,AT,Genoa,90,65,50,86,77,56,60,50,60,50,50,54,50,52,50,50,50
1272,Grigoris Kastanos,AT,Hellas Verona,76,66,50,77,56,77,60,50,60,50,50,64,50,54,50,50,50
1273,Mikkel Kaufmann,AT,Heidenheim,87,81,50,46,50,59,60,50,60,50,50,54,50,57,50,50,50
1274,Michael Kayode,DF,Brentford,78,72,50,63,100,56,50,50,50,50,60,60,60,51,50,50,50
1275,Michael Kayode,AT,Fiorentina,74,82,50,84,18,53,60,50,60,50,50,54,50,57,50,50,50
1276,Moise Kean,AT,Fiorentina,69,69,50,79,85,92,60,50,60,50,50,54,50,69,50,50,50
1277,Michael Keane,DF,Everton,70,82,50,89,75,56,50,50,50,50,60,70,60,100,50,50,50
1278,Yassine Kechta,AT,Le Havre,85,69,50,87,66,83,60,50,60,50,50,70,50,71,50,50,50
1279,Thilo Kehrer,DF,Monaco,61,70,50,93,60,62,50,50,50,50,60,100,60,100,50,50,50
1280,Abdoulaye Keita,AT,Getafe,84,73,50,72,16,50,60,50,60,50,50,50,50,53,50,50,50
1281,Mandela Keita,MD,Parma,66,76,50,95,75,86,50,50,50,50,50,64,50,66,50,50,50
1282,Yannik Keitel,MD,Stuttgart,76,76,50,88,75,53,50,50,50,50,50,54,50,53,50,50,50
1283,Andu Kelati,MD,Holstein Kiel,74,86,50,81,66,62,50,50,50,50,50,56,50,53,50,50,50
1284,Caoimhín Kelleher,GK,Liverpool,55,62,50,100,30,50,30,50,40,50,50,50,50,50,80,80,80
1285,Thomas Keller,MD,Heidenheim,73,76,50,68,50,50,50,50,50,50,50,58,50,60,50,50,50
1286,Lloyd Kelly,DF,Newcastle Utd,58,74,50,87,41,56,50,50,50,50,60,60,60,67,50,50,50
1287,Lloyd Kelly,DF,Juventus,60,83,50,92,57,50,50,50,50,50,60,60,60,60,50,50,50
1288,Aljoscha Kemlein,MD,Union Berlin,70,81,50,83,62,80,50,50,50,50,50,62,50,65,50,50,50
1289,Marc-Oliver Kempf,DF,Como,80,85,50,92,55,74,50,50,50,50,60,100,60,100,50,50,50
1290,Kenedy,AT,Valladolid,82,83,50,50,50,50,60,50,60,50,50,50,50,50,50,50,50
1291,Luca Kerber,MD,Heidenheim,75,87,50,76,53,59,50,50,50,50,50,56,50,73,50,50,50
1292,Milos Kerkez,DF,Bournemouth,59,74,50,89,40,100,50,50,50,50,60,100,60,100,50,50,50
1293,Reda Khadra,AT,Reims,77,76,50,100,50,53,60,50,60,50,50,50,50,51,50,50,50
1294,Bilal El Khannouss,MD,Leicester City,80,75,50,86,57,100,50,50,50,50,50,58,50,54,50,50,50
1295,Wahbi Khazri,AT,Montpellier,72,69,50,79,51,100,60,50,60,50,50,60,50,57,50,50,50
1296,Rani Khedira,MD,Union Berlin,79,83,50,85,36,71,50,50,50,50,50,100,50,87,50,50,50
1297,Abdukodir Khusanov,DF,Manchester City,78,76,50,95,30,56,50,50,50,50,60,60,60,71,50,50,50
1298,Abdukodir Khusanov,DF,Lens,71,79,50,92,67,56,50,50,50,50,60,100,60,100,50,50,50
1299,Kialonda,DF,Lecce,58,68,50,90,69,62,50,50,50,50,60,84,60,100,50,50,50
1300,Kiké,AT,Alavés,74,69,50,75,52,86,60,50,60,50,50,50,50,66,50,50,50
1301,Max Kilman,DF,West Ham,71,86,50,91,59,86,50,50,50,50,60,100,60,100,50,50,50
1302,Joshua Kimmich,MD,Bayern Munich,70,92,50,95,71,100,50,50,50,50,50,82,50,69,50,50,50
1303,Joshua King,AT,Fulham,88,68,50,90,50,59,60,50,60,50,50,52,50,51,50,50,50
1304,Joshua King,AT,Toulouse,82,69,50,79,27,89,60,50,60,50,50,56,50,66,50,50,50
1305,Antonín Kinský,GK,Tottenham,62,73,50,100,47,53,30,50,40,50,50,50,50,55,80,80,80
1306,Cédric Kipré,DF,Reims,68,83,50,92,69,65,50,50,50,50,60,94,60,100,50,50,50
1307,Jakub Kiwior,DF,Arsenal,66,73,50,90,47,53,50,50,50,50,60,60,60,66,50,50,50
1308,Tim Kleindienst,AT,Gladbach,73,70,50,69,59,100,60,50,60,50,50,68,50,97,50,50,50
1309,Lukas Klostermann,DF,RB Leipzig,58,86,50,92,60,53,50,50,50,50,60,94,60,100,50,50,50
1310,Justin Kluivert,AT,Bournemouth,90,79,50,82,54,100,60,50,60,50,50,70,50,71,50,50,50
1311,Ansgar Knauff,MD,Eint Frankfurt,64,82,50,76,32,100,50,50,50,50,50,72,50,68,50,50,50
1312,Magnus Knudsen,MD,Holstein Kiel,84,77,50,90,66,62,50,50,50,50,50,70,50,87,50,50,50
1313,Gregor Kobel,GK,Dortmund,55,79,50,99,50,53,30,50,40,50,50,50,50,60,80,80,80
1314,Robin Koch,DF,Eint Frankfurt,77,78,50,95,70,62,50,50,50,50,60,86,60,100,50,50,50
1315,Hervé Koffi,GK,Lens,53,65,50,95,49,50,30,50,40,50,50,50,50,55,80,80,80
1316,Magnus Kofod Andersen,MD,Venezia,76,92,50,87,45,77,50,50,50,50,50,62,50,62,50,50,50
1317,Derrick Köhn,AT,Werder Bremen,71,79,50,89,46,98,60,50,60,50,50,68,50,74,50,50,50
1318,Philipp Köhn,GK,Monaco,50,65,50,100,49,50,30,50,40,50,50,50,50,56,80,80,80
1319,Dominik Kohr,MD,Mainz 05,83,78,50,88,56,83,50,50,50,50,50,100,50,100,50,50,50
1320,Koka,AT,Le Havre,89,74,50,92,75,59,60,50,60,50,50,52,50,54,50,50,50
1321,Koke,MD,Atlético Madrid,64,76,50,91,64,77,50,50,50,50,50,84,50,73,50,50,50
1322,Sead Kolašinac,DF,Atalanta,78,84,50,93,60,89,50,50,50,50,60,86,60,91,50,50,50
1323,Randal Kolo Muani,AT,Juventus,69,69,50,71,50,77,60,50,60,50,50,50,50,52,50,50,50
1324,Randal Kolo Muani,AT,Paris S-G,73,69,50,74,66,65,60,50,60,50,50,50,50,55,50,50,50
1325,Marco Komenda,DF,Holstein Kiel,69,68,50,90,46,68,50,50,50,50,60,60,60,97,50,50,50
1326,Mert Kömür,MD,Augsburg,87,80,50,82,53,71,50,50,50,50,50,56,50,54,50,50,50
1327,Ibrahima Konaté,DF,Liverpool,77,84,50,93,51,77,50,50,50,50,60,70,60,100,50,50,50
1328,Ismael Konate,AT,Empoli,92,65,50,40,50,50,60,50,60,50,50,50,50,51,50,50,50
1329,Geoffrey Kondogbia,MD,Marseille,77,76,50,95,52,56,50,50,50,50,50,76,50,92,50,50,50
1330,Abdoul Koné,DF,Reims,77,88,50,88,54,50,50,50,50,50,60,60,60,54,50,50,50
1331,Amadou Koné,MD,Reims,75,75,50,88,80,56,50,50,50,50,50,68,50,62,50,50,50
1332,Ismaël Koné,AT,Marseille,74,74,50,86,88,62,60,50,60,50,50,58,50,52,50,50,50
1333,Ismaël Koné,MD,Rennes,79,85,50,77,81,56,50,50,50,50,50,56,50,53,50,50,50
1334,Manu Koné,MD,Roma,75,92,50,90,86,83,50,50,50,50,50,76,50,62,50,50,50
1335,Ezri Konsa,DF,Aston Villa,80,78,50,96,61,59,50,50,50,50,60,88,60,100,50,50,50
1336,Teun Koopmeiners,AT,Juventus,81,77,50,89,44,100,60,50,60,50,50,66,50,74,50,50,50
1337,Odilon Kossounou,DF,Atalanta,81,87,50,90,76,53,50,50,50,50,60,64,60,64,50,50,50
1338,Christian Kouamé,AT,Fiorentina,82,80,50,77,70,77,60,50,60,50,50,54,50,60,50,50,50
1339,Christian Kouamé,AT,Empoli,69,85,50,63,100,62,60,50,60,50,50,50,50,51,50,50,50
1340,Henri Koudossou,DF,Augsburg,59,69,50,88,51,68,50,50,50,50,60,72,60,83,50,50,50
1341,Konstantinos Koulierakis,DF,Wolfsburg,74,72,50,92,55,77,50,50,50,50,60,96,60,100,50,50,50
1342,Emmanuel Koum Mbondo,DF,Marseille,59,76,50,80,50,50,50,50,50,50,60,60,60,50,50,50,50
1343,Jules Koundé,DF,Barcelona,84,84,50,91,60,100,50,50,50,50,60,82,60,100,50,50,50
1344,Boubakar Kouyaté,DF,Montpellier,76,75,50,87,53,50,50,50,50,50,60,70,60,100,50,50,50
1345,Mateo Kovačić,MD,Manchester City,76,90,50,95,65,100,50,50,50,50,50,86,50,69,50,50,50
1346,Viktor Kovalenko,MD,Empoli,72,88,50,100,50,50,50,50,50,50,50,50,50,50,50,50,50
1347,Matej Kovar,GK,Leverkusen,43,74,50,100,52,50,30,50,40,50,50,50,50,50,80,80,80
1348,Mateusz Kowalski,MD,Parma,86,90,50,62,50,50,50,50,50,50,50,50,50,51,50,50,50
1349,Goduine Koyalipou,AT,Lens,75,68,50,76,80,65,60,50,60,50,50,50,50,54,50,50,50
1350,Caleb Kporha,DF,Crystal Palace,66,76,50,100,100,50,50,50,50,50,60,60,60,51,50,50,50
1351,Emil Krafth,DF,Newcastle Utd,79,79,50,79,66,53,50,50,50,50,60,60,60,60,50,50,50
1352,Alex Král,MD,Espanyol,86,80,50,79,44,83,50,50,50,50,50,94,50,85,50,50,50
1353,Andrej Kramarić,AT,Hoffenheim,77,83,50,87,50,100,60,50,60,50,50,56,50,59,50,50,50
1354,Frans Krätzig,AT,Heidenheim,70,81,50,86,44,83,60,50,60,50,50,58,50,55,50,50,50
1355,Frans Krätzig,DF,Stuttgart,75,80,50,100,50,50,50,50,50,50,60,60,60,51,50,50,50
1356,Tom Krauß,MD,Bochum,83,95,50,84,64,68,50,50,50,50,50,56,50,59,50,50,50
1357,Ladislav Krejčí,DF,Girona,64,86,50,96,54,62,50,50,50,50,60,98,60,100,50,50,50
1358,Rasmus Kristensen,DF,Eint Frankfurt,61,79,50,90,54,89,50,50,50,50,60,84,60,100,50,50,50
1359,Thomas Kristensen,DF,Udinese,72,74,50,87,66,59,50,50,50,50,60,74,60,96,50,50,50
1360,Nikola Krstović,AT,Lecce,69,73,50,72,50,100,60,50,60,50,50,64,50,71,50,50,50
1361,Lukas Kübler,DF,Freiburg,73,71,50,84,56,71,50,50,50,50,60,100,60,90,50,50,50
1362,Takefusa Kubo,AT,Real Sociedad,68,81,50,85,50,100,60,50,60,50,50,68,50,59,50,50,50
1363,Mohammed Kudus,AT,West Ham,85,69,50,88,72,100,60,50,60,50,50,58,50,55,50,50,50
1364,Dejan Kulusevski,AT,Tottenham,77,79,50,86,40,100,60,50,60,50,50,70,50,59,50,50,50
1365,Sael Kumbedi,DF,Lyon,78,81,50,91,35,62,50,50,50,50,60,66,60,79,50,50,50
1366,Marash Kumbulla,DF,Espanyol,78,75,50,91,56,53,50,50,50,50,60,92,60,100,50,50,50
1367,Daler Kuzyaev,MD,Le Havre,81,81,50,87,57,56,50,50,50,50,50,68,50,58,50,50,50
1368,Khvicha Kvaratskhelia,AT,Napoli,85,72,50,88,54,100,60,50,60,50,50,58,50,57,50,50,50
1369,Khvicha Kvaratskhelia,AT,Paris S-G,78,81,50,91,58,89,60,50,60,50,50,54,50,53,50,50,50
1370,Moritz-Broni Kwarteng,AT,Bochum,68,85,50,90,85,62,60,50,60,50,50,50,50,51,50,50,50
1371,Giorgos Kyriakopoulos,DF,Monza,71,73,50,88,38,100,50,50,50,50,60,86,60,100,50,50,50
1372,Luca de la Torre,MD,Celta Vigo,78,76,50,100,50,50,50,50,50,50,50,50,50,50,50,50,50
1373,Rémy Labeau Lascary,AT,Lens,84,67,50,78,66,71,60,50,60,50,50,52,50,57,50,50,50
1374,Gaëtan Laborde,AT,Nice,77,67,50,79,52,100,60,50,60,50,50,60,50,61,50,50,50
1375,Nediljko Labrović,GK,Augsburg,47,62,50,100,45,50,30,50,40,50,50,50,50,62,80,80,80
1376,Alexandre Lacazette,AT,Lyon,77,85,50,79,59,100,60,50,60,50,50,60,50,55,50,50,50
1377,Younes Lachaab,AT,Lille,89,85,50,50,50,50,60,50,60,50,50,52,50,50,50,50,50
1378,Maxence Lacroix,DF,Crystal Palace,81,72,50,85,56,62,50,50,50,50,60,100,60,100,50,50,50
1379,Alban Lafont,GK,Nantes,54,67,50,100,38,56,30,50,40,50,50,50,50,58,80,80,80
1380,Yoel Lago,DF,Celta Vigo,62,74,50,94,50,50,50,50,50,50,60,60,60,52,50,50,50
1381,Konrad Laimer,DF,Bayern Munich,64,80,50,91,69,80,50,50,50,50,60,62,60,64,50,50,50
1382,Stefan Lainer,DF,Gladbach,81,74,50,86,52,71,50,50,50,50,60,68,60,70,50,50,50
1383,Kenny Lala,DF,Brest,58,71,50,87,62,100,50,50,50,50,60,90,60,100,50,50,50
1384,Adam Lallana,MD,Southampton,71,85,50,89,44,62,50,50,50,50,50,60,50,55,50,50,50
1385,Mathis Lambourde,AT,Hellas Verona,81,79,50,85,50,53,60,50,60,50,50,50,50,51,50,50,50
1386,Mohamed Lamine Bayo,AT,Lille,85,83,50,80,50,62,60,50,60,50,50,50,50,54,50,50,50
1387,Tariq Lamptey,DF,Brighton,65,73,50,93,51,65,50,50,50,50,60,62,60,71,50,50,50
1388,Will Lankshear,AT,Tottenham,90,73,50,50,50,50,60,50,60,50,50,50,50,50,50,50,50
1389,Gianluca Lapadula,AT,Cagliari,72,83,50,75,50,59,60,50,60,50,50,50,50,51,50,50,50
1390,Cyle Larin,AT,Mallorca,69,82,50,75,60,68,60,50,60,50,50,52,50,58,50,50,50
1391,Gautier Larsonneur,GK,Saint-Étienne,50,68,50,100,33,53,30,50,40,50,50,50,50,69,80,80,80
1392,Hugo Larsson,MD,Eint Frankfurt,82,86,50,92,67,100,50,50,50,50,50,92,50,74,50,50,50
1393,Juanmi Latasa,AT,Valladolid,85,70,50,67,50,68,60,50,60,50,50,50,50,56,50,50,50
1394,Toni Lato,DF,Mallorca,78,79,50,82,44,65,50,50,50,50,60,60,60,69,50,50,50
1395,Roméo Lavia,MD,Chelsea,69,92,50,90,82,68,50,50,50,50,50,72,50,55,50,50,50
1396,Valentino Lazaro,AT,Torino,78,83,50,88,39,100,60,50,60,50,50,68,50,88,50,50,50
1397,Darko Lazović,AT,Hellas Verona,82,81,50,79,31,100,60,50,60,50,50,70,50,89,50,50,50
1398,Manuel Lazzari,DF,Lazio,79,86,50,87,43,92,50,50,50,50,60,62,60,64,50,50,50
1399,Julien Le Cardinal,DF,Brest,82,68,50,90,64,62,50,50,50,50,60,100,60,100,50,50,50
1400,Jérémy Le Douaron,AT,Brest,81,72,50,75,100,50,60,50,60,50,50,50,50,50,50,50,50
1401,Enzo Le Fée,MD,Roma,79,90,50,89,54,59,50,50,50,50,50,60,50,52,50,50,50
1402,Robin Le Normand,DF,Atlético Madrid,81,73,50,94,50,59,50,50,50,50,60,62,60,100,50,50,50
1403,Nicola Leali,GK,Genoa,53,79,50,99,46,50,30,50,40,50,50,50,50,61,80,80,80
1404,Rafael Leão,AT,Milan,92,84,50,80,57,100,60,50,60,50,50,62,50,51,50,50,50
1405,Benjamin Lecomte,GK,Montpellier,48,69,50,100,48,56,30,50,40,50,50,50,50,64,80,80,80
1406,Pierre Lees-Melou,MD,Brest,75,82,50,89,77,68,50,50,50,50,50,64,50,59,50,50,50
1407,Jordan Lefort,DF,Angers,73,69,50,92,51,77,50,50,50,50,60,96,60,100,50,50,50
1408,Diogo Leite,DF,Union Berlin,81,80,50,87,57,83,50,50,50,50,60,100,60,100,50,50,50
1409,Maxim Leitsch,DF,Mainz 05,64,71,50,86,46,56,50,50,50,50,60,70,60,92,50,50,50
1410,Florian Lejeune,DF,Rayo Vallecano,59,84,50,88,56,77,50,50,50,50,60,90,60,100,50,50,50
1411,Stefan Lekovic,DF,Monza,77,87,50,89,50,50,50,50,50,50,60,62,60,53,50,50,50
1412,Iñigo Lekue,DF,Athletic Club,58,79,50,86,36,62,50,50,50,50,60,60,60,65,50,50,50
1413,Nunzio Lella,MD,Venezia,69,93,50,100,50,50,50,50,50,50,50,50,50,50,50,50,50
1414,Thomas Lemar,MD,Atlético Madrid,81,78,50,50,100,53,50,50,50,50,50,50,50,50,50,50,50
1415,Félix Lemaréchal,AT,Strasbourg,83,67,50,86,46,95,60,50,60,50,50,70,50,61,50,50,50
1416,Mario Lemina,MD,Wolves,73,89,50,85,61,80,50,50,50,50,50,100,50,100,50,50,50
1417,Clément Lenglet,DF,Atlético Madrid,72,78,50,92,62,59,50,50,50,50,60,80,60,100,50,50,50
1418,Bernd Leno,GK,Fulham,47,72,50,99,47,56,30,50,40,50,50,50,50,57,80,80,80
1419,Donovan Léon,GK,Auxerre,54,76,50,100,39,59,30,50,40,50,50,50,50,70,80,80,80
1420,Giovanni Leoni,DF,Parma,75,81,50,90,71,50,50,50,50,50,60,70,60,69,50,50,50
1421,Esteban Lepaul,AT,Angers,81,72,50,74,58,62,60,50,60,50,50,54,50,56,50,50,50
1422,Johann Lepenant,MD,Nantes,76,77,50,88,65,74,50,50,50,50,50,72,50,66,50,50,50
1423,Jefferson Lerma,MD,Crystal Palace,81,78,50,87,47,74,50,50,50,50,50,100,50,88,50,50,50
1424,Louis Leroux,MD,Nantes,82,93,50,97,55,71,50,50,50,50,50,54,50,56,50,50,50
1425,Robert Lewandowski,AT,Barcelona,77,82,50,81,52,100,60,50,60,50,50,56,50,72,50,50,50
1426,Jamie Leweling,AT,Stuttgart,74,79,50,85,30,100,60,50,60,50,50,68,50,62,50,50,50
1427,Rico Lewis,MD,Manchester City,66,83,50,95,68,71,50,50,50,50,50,72,50,88,50,50,50
1428,Keane Lewis-Potter,AT,Brentford,91,82,50,89,53,100,60,50,60,50,50,70,50,100,50,50,50
1429,Myles Lewis-Skelly,DF,Arsenal,65,82,50,95,81,59,50,50,50,50,60,60,60,60,50,50,50
1430,Ben Lhassine Kone,MD,Como,81,81,50,88,100,50,50,50,50,50,50,52,50,51,50,50,50
1431,Mattia Liberali,MD,Milan,86,75,50,92,50,53,50,50,50,50,50,50,50,50,50,50,50
1432,Philipp Lienhart,DF,Freiburg,70,88,50,94,59,59,50,50,50,50,60,100,60,100,50,50,50
1433,Matthijs de Ligt,DF,Manchester Utd,76,83,50,94,50,65,50,50,50,50,60,100,60,100,50,50,50
1434,Pedro Lima,DF,Wolves,75,86,50,82,60,56,50,50,50,50,60,60,60,55,50,50,50
1435,Victor Lindelöf,MD,Manchester Utd,85,85,50,84,100,53,50,50,50,50,50,54,50,54,50,50,50
1436,Jesper Lindstrøm,AT,Everton,74,74,50,85,45,100,60,50,60,50,50,70,50,67,50,50,50
1437,Karol Linetty,MD,Torino,67,83,50,91,72,68,50,50,50,50,50,74,50,72,50,50,50
1438,Samuel Lino,MD,Atlético Madrid,73,95,50,88,69,95,50,50,50,50,50,64,50,59,50,50,50
1439,Pol Lirola,DF,Marseille,77,72,50,88,41,68,50,50,50,50,60,60,60,59,50,50,50
1440,Dailon Livramento,AT,Hellas Verona,85,82,50,57,42,68,60,50,60,50,50,54,50,57,50,50,50
1441,Valentino Livramento,DF,Newcastle Utd,58,84,50,90,50,86,50,50,50,50,60,90,60,100,50,50,50
1442,Marin Ljubicic,AT,Union Berlin,78,79,50,62,50,56,60,50,60,50,50,50,50,51,50,50,50
1443,Javier Llabrés,AT,Mallorca,78,72,50,100,50,53,60,50,60,50,50,50,50,50,50,50,50
1444,Diego Llorente,DF,Betis,72,74,50,89,58,68,50,50,50,50,60,100,60,100,50,50,50
1445,Marcos Llorente,MD,Atlético Madrid,87,76,50,91,63,100,50,50,50,50,50,82,50,84,50,50,50
1446,Gautier Lloris,DF,Le Havre,82,71,50,91,57,65,50,50,50,50,60,90,60,100,50,50,50
1447,Giovani Lo Celso,AT,Betis,91,71,50,84,55,100,60,50,60,50,50,60,50,53,50,50,50
1448,Stanislav Lobotka,MD,Napoli,74,92,50,90,83,89,50,50,50,50,50,88,50,93,50,50,50
1449,Manuel Locatelli,MD,Juventus,79,87,50,92,76,100,50,50,50,50,50,84,50,98,50,50,50
1450,Ruben Loftus-Cheek,MD,Milan,82,91,50,89,80,86,50,50,50,50,50,54,50,59,50,50,50
1451,Elysée Logbo,AT,Le Havre,77,79,50,50,50,50,60,50,60,50,50,50,50,50,50,50,50
1452,Enzo Loiodice,MD,Las Palmas,82,77,50,87,71,59,50,50,50,50,50,60,50,57,50,50,50
1453,Sean Longstaff,MD,Newcastle Utd,82,82,50,87,66,62,50,50,50,50,50,62,50,55,50,50,50
1454,Ademola Lookman,AT,Atalanta,73,74,50,87,46,100,60,50,60,50,50,54,50,53,50,50,50
1455,Anthony Lopes,GK,Nantes,55,64,50,100,42,50,30,50,40,50,50,50,50,52,80,80,80
1456,David López,DF,Girona,59,77,50,94,62,59,50,50,50,50,60,74,60,100,50,50,50
1457,Diego López,AT,Valencia,76,72,50,81,62,100,60,50,60,50,50,68,50,58,50,50,50
1458,Fer López,AT,Celta Vigo,78,82,50,89,66,62,60,50,60,50,50,52,50,54,50,50,50
1459,Fermin López,AT,Barcelona,85,71,50,89,53,71,60,50,60,50,50,58,50,52,50,50,50
1460,Javi López,DF,Real Sociedad,67,86,50,92,59,62,50,50,50,50,60,60,60,89,50,50,50
1461,Pau López,GK,Girona,57,65,50,100,40,50,30,50,40,50,50,50,50,51,80,80,80
1462,Roberto López,MD,Leganés,83,78,50,83,47,80,50,50,50,50,50,52,50,57,50,50,50
1463,Unai López,MD,Rayo Vallecano,69,92,50,91,52,77,50,50,50,50,50,88,50,62,50,50,50
1464,Iker Losada,AT,Celta Vigo,69,75,50,86,60,62,60,50,60,50,50,52,50,55,50,50,50
1465,Iker Losada,AT,Betis,69,76,50,83,50,68,60,50,60,50,50,56,50,52,50,50,50
1466,Anthony Losilla,MD,Bochum,69,83,50,81,48,71,50,50,50,50,50,86,50,74,50,50,50
1467,Jordan Lotomba,MD,Nice,80,91,50,100,50,50,50,50,50,50,50,50,50,51,50,50,50
1468,Tom Louchet,MD,Nice,70,77,50,92,58,80,50,50,50,50,50,78,50,66,50,50,50
1469,Sandi Lovrić,MD,Udinese,63,90,50,89,55,100,50,50,50,50,50,86,50,67,50,50,50
1470,Pol Lozano,MD,Espanyol,70,81,50,89,68,89,50,50,50,50,50,84,50,68,50,50,50
1471,Lorenzo Lucca,AT,Udinese,68,72,50,60,73,77,60,50,60,50,50,60,50,73,50,50,50
1472,Jhon Lucumí,DF,Bologna,65,68,50,94,69,71,50,50,50,50,60,80,60,100,50,50,50
1473,Yannik Lührs,DF,Dortmund,59,79,50,93,71,53,50,50,50,50,60,60,60,54,50,50,50
1474,José Luis Gayà,DF,Valencia,59,79,50,89,45,98,50,50,50,50,60,76,60,83,50,50,50
1475,José Luis Palomino,DF,Cagliari,80,82,50,92,67,50,50,50,50,50,60,64,60,64,50,50,50
1476,Douglas Luiz,MD,Juventus,76,83,50,91,68,89,50,50,50,50,50,54,50,54,50,50,50
1477,Romelu Lukaku,AT,Napoli,88,68,50,79,50,100,60,50,60,50,50,50,50,60,50,50,50
1478,Castello Lukeba,DF,RB Leipzig,78,76,50,92,62,59,50,50,50,50,60,72,60,96,50,50,50
1479,Dodi Lukebakio,AT,Sevilla,70,67,50,87,42,100,60,50,60,50,50,58,50,59,50,50,50
1480,Saša Lukić,MD,Fulham,68,78,50,92,69,100,50,50,50,50,50,94,50,76,50,50,50
1481,Milos Lukovic,AT,Strasbourg,73,84,50,50,50,50,60,50,60,50,50,50,50,50,50,50,50
1482,Joe Lumley,GK,Southampton,56,77,50,95,35,50,30,50,40,50,50,50,50,53,80,80,80
1483,Daniel Luna,MD,Mallorca,70,81,50,83,50,50,50,50,50,50,50,50,50,50,50,50,50
1484,Andriy Lunin,GK,Real Madrid,55,77,50,95,58,53,30,50,40,50,50,50,50,51,80,80,80
1485,Massimo Luongo,MD,Ipswich Town,69,88,50,88,33,50,50,50,50,50,50,54,50,52,50,50,50
1486,Sebastiano Luperto,DF,Cagliari,72,84,50,92,46,68,50,50,50,50,60,98,60,100,50,50,50
1487,Zito Luvumbo,AT,Cagliari,73,71,50,78,36,83,60,50,60,50,50,52,50,54,50,50,50
1488,Charalambos Lykogiannis,DF,Bologna,69,87,50,86,44,98,50,50,50,50,60,68,60,81,50,50,50
1489,Senne Lynen,MD,Werder Bremen,82,82,50,88,57,71,50,50,50,50,50,100,50,100,50,50,50
1490,Mathias Løvik,AT,Parma,80,70,50,78,60,53,60,50,60,50,50,54,50,53,50,50,50
1491,Othmane Maamma,AT,Montpellier,89,77,50,71,50,59,60,50,60,50,50,52,50,52,50,50,50
1492,Ian Maatsen,DF,Aston Villa,70,79,50,87,57,98,50,50,50,50,60,68,60,73,50,50,50
1493,Alexis Mac Allister,MD,Liverpool,75,82,50,90,67,100,50,50,50,50,50,88,50,74,50,50,50
1494,Deiver Machado,DF,Lens,73,72,50,93,54,100,50,50,50,50,60,74,60,70,50,50,50
1495,Shuto Machino,AT,Holstein Kiel,77,74,50,79,38,100,60,50,60,50,50,62,50,65,50,50,50
1496,Darwin Machís,AT,Valladolid,90,75,50,84,40,62,60,50,60,50,50,56,50,57,50,50,50
1497,Yvann Macon,DF,Saint-Étienne,74,84,50,87,45,65,50,50,50,50,60,60,60,56,50,50,50
1498,James Maddison,MD,Tottenham,78,89,50,90,44,100,50,50,50,50,50,72,50,67,50,50,50
1499,Eros Maddy,DF,Auxerre,60,79,50,100,50,50,50,50,50,50,60,60,60,50,50,50,50
1500,Noni Madueke,AT,Chelsea,90,77,50,87,59,100,60,50,60,50,50,64,50,59,50,50,50
1501,Pablo Maffeo,DF,Mallorca,63,79,50,88,42,100,50,50,50,50,60,86,60,100,50,50,50
1502,Gabriel Magalhães,DF,Arsenal,65,83,50,96,53,86,50,50,50,50,60,78,60,100,50,50,50
1503,Soungoutou Magassa,MD,Monaco,84,94,50,89,60,65,50,50,50,50,50,92,50,68,50,50,50
1504,Edmond-Paris Maghoma,AT,Brentford,73,81,50,93,85,53,60,50,60,50,50,52,50,52,50,50,50
1505,Giangiacomo Magnani,DF,Hellas Verona,68,71,50,84,47,53,50,50,50,50,60,84,60,100,50,50,50
1506,Hugo Magnetti,MD,Brest,66,91,50,89,58,68,50,50,50,50,50,76,50,76,50,50,50
1507,Frank Magri,AT,Toulouse,90,76,50,78,60,62,60,50,60,50,50,54,50,55,50,50,50
1508,Harry Maguire,DF,Manchester Utd,65,70,50,91,57,68,50,50,50,50,60,100,60,100,50,50,50
1509,Jon Magunazelaia,MD,Real Sociedad,77,95,50,42,50,50,50,50,50,50,50,50,50,50,50,50,50
1510,Arne Maier,MD,Augsburg,81,78,50,84,56,100,50,50,50,50,50,58,50,62,50,50,50
1511,Mike Maignan,GK,Milan,56,78,50,98,60,59,30,50,40,50,50,50,50,65,80,80,80
1512,Patrick Mainka,DF,Heidenheim,79,76,50,85,68,68,50,50,50,50,60,100,60,100,50,50,50
1513,Kobbie Mainoo,MD,Manchester Utd,63,92,50,91,74,89,50,50,50,50,50,84,50,56,50,50,50
1514,Ainsley Maitland-Niles,MD,Lyon,76,84,50,89,53,95,50,50,50,50,50,84,50,89,50,50,50
1515,Radosław Majecki,GK,Monaco,47,71,50,100,37,50,30,50,40,50,50,50,50,58,80,80,80
1516,Lovro Majer,MD,Wolfsburg,81,88,50,88,16,53,50,50,50,50,50,50,50,51,50,50,50
1517,Jordy Makengo,DF,Freiburg,64,73,50,91,55,53,50,50,50,50,60,60,60,59,50,50,50
1518,Antoine Makoumbou,MD,Cagliari,79,94,50,95,55,59,50,50,50,50,50,74,50,70,50,50,50
1519,Nikola Maksimović,DF,Montpellier,67,88,50,93,78,56,50,50,50,50,60,62,60,80,50,50,50
1520,Tyrell Malacia,DF,Manchester Utd,58,79,50,93,100,53,50,50,50,50,60,60,60,51,50,50,50
1521,Jarzinho Malanga,DF,Stuttgart,82,87,50,100,50,50,50,50,50,50,60,60,60,50,50,50,50
1522,Julián Malatini,DF,Werder Bremen,76,82,50,92,42,56,50,50,50,50,60,64,60,67,50,50,50
1523,Daniel Maldini,AT,Monza,73,71,50,78,51,86,60,50,60,50,50,58,50,62,50,50,50
1524,Daniel Maldini,AT,Atalanta,75,74,50,100,100,50,60,50,60,50,50,50,50,50,50,50,50
1525,Youssef Maleh,MD,Empoli,73,83,50,80,48,86,50,50,50,50,50,82,50,75,50,50,50
1526,Donyell Malen,AT,Aston Villa,76,72,50,83,100,53,60,50,60,50,50,50,50,50,50,50,50
1527,Donyell Malen,AT,Dortmund,68,82,50,82,33,53,60,50,60,50,50,56,50,56,50,50,50
1528,Ruslan Malinovskyi,AT,Genoa,71,72,50,93,71,59,60,50,60,50,50,52,50,54,50,50,50
1529,Lennard Maloney,MD,Heidenheim,83,82,50,80,46,53,50,50,50,50,50,78,50,88,50,50,50
1530,Lennard Maloney,MD,Mainz 05,70,93,50,66,100,50,50,50,50,50,50,50,50,53,50,50,50
1531,Aaron Malouda,AT,Lille,74,77,50,50,50,50,60,50,60,50,50,50,50,50,50,50,50
1532,Giorgi Mamardashvili,GK,Valencia,53,79,50,100,40,56,30,50,40,50,50,52,50,59,80,80,80
1533,Dennis Man,AT,Parma,83,77,50,85,61,100,60,50,60,50,50,66,50,60,50,50,50
1534,Hianga Mananga Mbock,MD,Brest,63,75,50,88,50,50,50,50,50,50,50,52,50,50,50,50,50
1535,Gianluca Mancini,DF,Roma,64,77,50,93,49,89,50,50,50,50,60,100,60,100,50,50,50
1536,Steve Mandanda,GK,Rennes,44,61,50,100,43,56,30,50,40,50,50,50,50,56,80,80,80
1537,Christos Mandas,GK,Lazio,40,63,50,100,66,50,30,50,40,50,50,50,50,53,80,80,80
1538,Reinildo Mandava,DF,Atlético Madrid,72,71,50,93,43,56,50,50,50,50,60,82,60,82,50,50,50
1539,Aïssa Mandi,DF,Lille,79,79,50,92,80,59,50,50,50,50,60,72,60,83,50,50,50
1540,Rolando Mandragora,MD,Fiorentina,85,75,50,87,56,89,50,50,50,50,50,72,50,84,50,50,50
1541,Orel Mangala,MD,Everton,68,88,50,90,76,74,50,50,50,50,50,92,50,74,50,50,50
1542,Orel Mangala,MD,Lyon,63,79,50,100,100,53,50,50,50,50,50,50,50,51,50,50,50
1543,Ryan Manning,DF,Southampton,76,78,50,92,49,100,50,50,50,50,60,76,60,76,50,50,50
1544,Javier Manquillo,DF,Celta Vigo,76,75,50,92,56,50,50,50,50,50,60,64,60,64,50,50,50
1545,Johan Manzambi,AT,Freiburg,87,72,50,85,25,50,60,50,60,50,50,50,50,52,50,50,50
1546,Alberto Manzoni,MD,Atalanta,63,91,50,83,50,50,50,50,50,50,50,50,50,50,50,50,50
1547,Sekou Mara,AT,Strasbourg,68,76,50,79,40,65,60,50,60,50,50,56,50,52,50,50,50
1548,Alessandro Marcandalli,DF,Genoa,77,70,50,75,100,50,50,50,50,50,60,60,60,52,50,50,50
1549,Alessandro Marcandalli,DF,Venezia,62,83,50,83,25,50,50,50,50,50,60,60,60,60,50,50,50
1550,Marcão,DF,Sevilla,65,77,50,97,55,50,50,50,50,50,60,62,60,77,50,50,50
1551,Solly March,AT,Brighton,70,76,50,85,50,50,60,50,60,50,50,52,50,50,50,50,50
1552,Filip Marchwiński,MD,Lecce,63,79,50,66,50,50,50,50,50,50,50,50,50,50,50,50,50
1553,Óscar de Marcos,DF,Athletic Club,68,81,50,88,54,98,50,50,50,50,60,76,60,77,50,50,50
1554,Alberto Marí,AT,Valencia,74,74,50,100,50,50,60,50,60,50,50,50,50,50,50,50,50
1555,Pablo Marí,DF,Monza,66,71,50,95,64,59,50,50,50,50,60,100,60,100,50,50,50
1556,Pablo Marí,DF,Fiorentina,58,78,50,93,50,50,50,50,50,50,60,60,60,65,50,50,50
1557,José María Giménez,DF,Atlético Madrid,64,83,50,93,75,56,50,50,50,50,60,90,60,100,50,50,50
1558,Luca Marianucci,DF,Empoli,63,71,50,90,42,53,50,50,50,50,60,60,60,64,50,50,50
1559,Mirko Marić,AT,Monza,70,69,50,57,50,53,60,50,60,50,50,52,50,51,50,50,50
1560,Mirko Marić,AT,Venezia,88,85,50,69,50,50,60,50,60,50,50,52,50,60,50,50,50
1561,Arkaitz Mariezkurrena,AT,Real Sociedad,87,85,50,60,50,50,60,50,60,50,50,52,50,51,50,50,50
1562,Rafa Marín,DF,Napoli,72,74,50,100,50,50,50,50,50,50,60,60,60,50,50,50,50
1563,Pablo Marín,MD,Real Sociedad,77,76,50,79,46,62,50,50,50,50,50,52,50,58,50,50,50
1564,Răzvan Marin,MD,Cagliari,67,91,50,87,48,100,50,50,50,50,50,54,50,65,50,50,50
1565,Guillermo Maripán,DF,Torino,78,79,50,84,66,62,50,50,50,50,60,94,60,100,50,50,50
1566,Mika Màrmol,DF,Las Palmas,66,74,50,90,45,80,50,50,50,50,60,100,60,100,50,50,50
1567,Omar Marmoush,AT,Manchester City,84,71,50,83,50,68,60,50,60,50,50,56,50,52,50,50,50
1568,Omar Marmoush,AT,Eint Frankfurt,84,82,50,82,47,100,60,50,60,50,50,54,50,52,50,50,50
1569,Mario Maroto,MD,Valladolid,77,84,50,100,100,53,50,50,50,50,50,54,50,51,50,50,50
1570,Marquinhos,DF,Paris S-G,77,86,50,96,79,74,50,50,50,50,60,68,60,100,50,50,50
1571,Aarón Martín,DF,Genoa,65,80,50,88,44,100,50,50,50,50,60,82,60,100,50,50,50
1572,Carlos Martín,AT,Alavés,91,75,50,70,31,77,60,50,60,50,50,60,50,64,50,50,50
1573,Gerard Martín,DF,Barcelona,76,85,50,89,66,68,50,50,50,50,60,64,60,64,50,50,50
1574,Iván Martín,MD,Girona,82,75,50,93,83,100,50,50,50,50,50,68,50,64,50,50,50
1575,Jon Martin,DF,Real Sociedad,70,78,50,72,38,53,50,50,50,50,60,60,60,65,50,50,50
1576,Jonas Martin,MD,Brest,80,81,50,92,71,59,50,50,50,50,50,62,50,61,50,50,50
1577,Mario Martín,MD,Valladolid,77,79,50,87,66,83,50,50,50,50,50,86,50,86,50,50,50
1578,Gabriel Martinelli,AT,Arsenal,85,67,50,80,51,100,60,50,60,50,50,54,50,63,50,50,50
1579,Arnau Martinez,MD,Girona,70,95,50,92,58,95,50,50,50,50,50,86,50,100,50,50,50
1580,Emiliano Martínez,GK,Aston Villa,50,78,50,97,52,50,30,50,40,50,50,50,50,63,80,80,80
1581,Iñigo Martínez,DF,Barcelona,76,74,50,94,73,86,50,50,50,50,60,84,60,100,50,50,50
1582,Javi Martínez,MD,Osasuna,66,91,50,100,50,50,50,50,50,50,50,50,50,50,50,50,50
1583,Josep Martinez,GK,Inter,51,77,50,100,51,53,30,50,40,50,50,50,50,50,80,80,80
1584,Lautaro Martínez,AT,Inter,90,68,50,81,73,100,60,50,60,50,50,68,50,64,50,50,50
1585,Lisandro Martínez,DF,Manchester Utd,80,81,50,94,55,77,50,50,50,50,60,100,60,100,50,50,50
1586,Lucas Martínez Quarta,DF,Fiorentina,70,72,50,94,72,53,50,50,50,50,60,60,60,75,50,50,50
1587,Ramón Martínez,DF,Sevilla,67,73,50,100,50,50,50,50,50,50,60,60,60,50,50,50,50
1588,Toni Martínez,AT,Alavés,70,81,50,74,33,80,60,50,60,50,50,50,50,59,50,50,50
1589,Kevin Martins,MD,Monza,71,87,50,75,40,56,50,50,50,50,50,52,50,54,50,50,50
1590,Javi Martón,AT,Athletic Club,81,78,50,80,50,50,60,50,60,50,50,50,50,50,50,50,50
1591,Adam Marušić,DF,Lazio,65,88,50,92,52,77,50,50,50,50,60,72,60,90,50,50,50
1592,Marvin,AT,Las Palmas,74,68,50,90,57,59,60,50,60,50,50,60,50,66,50,50,50
1593,Omar Mascarell,MD,Mallorca,83,76,50,93,62,56,50,50,50,50,50,100,50,95,50,50,50
1594,Adam Masina,DF,Torino,69,80,50,90,55,59,50,50,50,50,60,86,60,100,50,50,50
1595,Patrizio Masini,MD,Genoa,67,91,50,83,52,59,50,50,50,50,50,66,50,71,50,50,50
1596,Giorgos Masouras,AT,Bochum,89,67,50,83,66,68,60,50,60,50,50,52,50,50,50,50,50
1597,Erhan Mašović,DF,Bochum,61,79,50,90,63,59,50,50,50,50,60,74,60,100,50,50,50
1598,Han-Noah Massengo,MD,Auxerre,69,89,50,93,55,50,50,50,50,50,50,68,50,54,50,50,50
1599,Clinton Mata,DF,Lyon,78,82,50,95,46,80,50,50,50,50,60,100,60,100,50,50,50
1600,Jaime Mata,AT,Las Palmas,71,69,50,78,44,59,60,50,60,50,50,56,50,58,50,50,50
1601,Igor Matanovic,AT,Eint Frankfurt,77,79,50,82,75,53,60,50,60,50,50,52,50,59,50,50,50
1602,Pape Matar Sarr,MD,Tottenham,77,83,50,90,79,83,50,50,50,50,50,90,50,67,50,50,50
1603,Eliot Matazo,MD,Monaco,65,78,50,80,100,53,50,50,50,50,50,52,50,52,50,50,50
1604,Jean-Philippe Mateta,AT,Crystal Palace,91,65,50,76,33,100,60,50,60,50,50,54,50,70,50,50,50
1605,Nemanja Matić,MD,Lyon,81,83,50,89,71,92,50,50,50,50,50,74,50,73,50,50,50
1606,Chrislain Matsima,DF,Augsburg,74,68,50,87,55,56,50,50,50,50,60,100,60,100,50,50,50
1607,Jean Mattéo Bahoya,MD,Eint Frankfurt,81,84,50,82,72,77,50,50,50,50,50,58,50,53,50,50,50
1608,Alan Matturro,DF,Genoa,62,70,50,81,53,59,50,50,50,50,60,74,60,83,50,50,50
1609,Azor Matusiwa,MD,Rennes,82,90,50,88,86,83,50,50,50,50,50,100,50,88,50,50,50
1610,Neal Maupay,AT,Marseille,89,76,50,85,87,89,60,50,60,50,50,54,50,50,50,50,50
1611,Maurides,AT,St. Pauli,80,69,50,50,50,50,60,50,60,50,50,50,50,50,50,50,50
1612,Stephy Mavididi,AT,Leicester City,69,72,50,91,44,100,60,50,60,50,50,70,50,62,50,50,50
1613,Konstantinos Mavropanos,DF,West Ham,76,88,50,90,60,62,50,50,50,50,60,100,60,100,50,50,50
1614,Christian Mawissa,DF,Monaco,67,77,50,91,50,53,50,50,50,50,60,96,60,83,50,50,50
1615,Keke Maximilian Topp,AT,Werder Bremen,91,69,50,57,50,74,60,50,60,50,50,52,50,51,50,50,50
1616,Borja Mayoral,AT,Getafe,88,69,50,81,66,53,60,50,60,50,50,50,50,55,50,50,50
1617,Senny Mayulu,MD,Paris S-G,69,79,50,88,73,68,50,50,50,50,50,56,50,55,50,50,50
1618,Noussair Mazraoui,DF,Manchester Utd,68,83,50,91,50,83,50,50,50,50,60,100,60,100,50,50,50
1619,Luca Mazzitelli,MD,Como,85,95,50,91,65,68,50,50,50,50,50,56,50,60,50,50,50
1620,Pasquale Mazzocchi,AT,Napoli,74,82,50,91,45,65,60,50,60,50,50,58,50,68,50,50,50
1621,Samuel Mbangula,AT,Juventus,79,84,50,89,77,89,60,50,60,50,50,56,50,52,50,50,50
1622,Ethan Mbappé,AT,Lille,90,74,50,83,70,68,60,50,60,50,50,52,50,50,50,50,50
1623,Kylian Mbappé,AT,Real Madrid,96,88,50,87,79,100,60,50,60,50,50,50,50,50,50,50,50
1624,Ibrahim Mbaye,AT,Paris S-G,68,65,50,78,66,50,60,50,60,50,50,50,50,50,50,50,50
1625,Bryan Mbeumo,AT,Brentford,77,66,50,80,35,100,60,50,60,50,50,70,50,90,50,50,50
1626,James Mcatee,AT,Manchester City,68,78,50,84,66,50,60,50,60,50,50,52,50,50,50,50,50
1627,Kasey McAteer,AT,Leicester City,91,65,50,84,50,65,60,50,60,50,50,54,50,60,50,50,50
1628,Oliver McBurnie,AT,Las Palmas,80,74,50,75,75,100,60,50,60,50,50,58,50,64,50,50,50
1629,Alex McCarthy,GK,Southampton,62,73,50,95,49,50,30,50,40,50,50,50,50,51,80,80,80
1630,John McGinn,AT,Aston Villa,71,70,50,90,60,100,60,50,60,50,50,70,50,61,50,50,50
1631,Scott McKenna,DF,Las Palmas,71,85,50,93,52,53,50,50,50,50,60,66,60,100,50,50,50
1632,Weston McKennie,MD,Juventus,63,81,50,89,73,100,50,50,50,50,50,74,50,73,50,50,50
1633,Mark McKenzie,DF,Toulouse,66,68,50,90,56,56,50,50,50,50,60,80,60,100,50,50,50
1634,Dwight McNeil,AT,Everton,76,84,50,86,53,100,60,50,60,50,50,60,50,51,50,50,50
1635,Scott McTominay,MD,Manchester Utd,82,85,50,100,100,50,50,50,50,50,50,50,50,51,50,50,50
1636,Scott McTominay,MD,Napoli,85,78,50,89,72,98,50,50,50,50,50,88,50,82,50,50,50
1637,Jakov Medić,DF,Bochum,71,70,50,87,70,56,50,50,50,50,60,82,60,100,50,50,50
1638,Facundo Medina,DF,Lens,80,84,50,94,51,100,50,50,50,50,60,100,60,96,50,50,50
1639,Ben Mee,DF,Brentford,75,83,50,89,40,50,50,50,50,50,60,60,60,57,50,50,50
1640,Jayden Meghoma,DF,Brentford,73,87,50,100,50,50,50,50,50,50,60,60,60,50,50,50,50
1641,Henrik Meister,AT,Rennes,82,75,50,100,50,56,60,50,60,50,50,52,50,50,50,50,50
1642,Bamo Meïté,DF,Montpellier,66,72,50,91,57,50,50,50,50,50,60,60,60,57,50,50,50
1643,Bamo Meïté,MD,Marseille,84,81,50,94,50,50,50,50,50,50,50,50,50,51,50,50,50
1644,Mohamed Meité,AT,Rennes,77,76,50,50,50,53,60,50,60,50,50,50,50,51,50,50,50
1645,Mateo Mejía,AT,Sevilla,92,69,50,50,50,50,60,50,60,50,50,50,50,50,50,50,50
1646,Farid El Melali,AT,Angers,82,72,50,85,40,100,60,50,60,50,50,70,50,62,50,50,50
1647,Filippo Melegoni,AT,Genoa,69,68,50,100,50,53,60,50,60,50,50,50,50,52,50,50,50
1648,Arthur Melo,MD,Girona,64,92,50,96,80,50,50,50,50,50,50,50,50,50,50,50,50
1649,Nuno Mendes,DF,Paris S-G,63,76,50,92,73,100,50,50,50,50,60,80,60,77,50,50,50
1650,Brais Méndez,MD,Real Sociedad,81,93,50,88,46,100,50,50,50,50,50,62,50,66,50,50,50
1651,Antoine Mendy,DF,Nice,68,74,50,90,44,56,50,50,50,50,60,60,60,72,50,50,50
1652,Ferland Mendy,DF,Real Madrid,68,77,50,97,84,59,50,50,50,50,60,68,60,58,50,50,50
1653,Nampalys Mendy,MD,Lens,75,77,50,96,70,50,50,50,50,50,50,56,50,52,50,50,50
1654,Gideon Mensah,DF,Auxerre,75,75,50,90,54,92,50,50,50,50,60,100,60,100,50,50,50
1655,Alex Meret,GK,Napoli,54,71,50,100,59,50,30,50,40,50,50,50,50,62,80,80,80
1656,Mikel Merino,AT,Arsenal,77,73,50,87,42,86,60,50,60,50,50,70,50,68,50,50,50
1657,Quentin Merlin,DF,Marseille,63,78,50,90,56,100,50,50,50,50,60,74,60,64,50,50,50
1658,Víctor Meseguer,MD,Valladolid,71,84,50,85,54,53,50,50,50,50,50,54,50,54,50,50,50
1659,Rafik Messali,DF,Toulouse,63,79,50,86,58,71,50,50,50,50,60,60,60,56,50,50,50
1660,Junior Messias,AT,Genoa,75,65,50,82,47,65,60,50,60,50,50,60,50,60,50,50,50
1661,Connor Metcalfe,MD,St. Pauli,84,76,50,76,27,56,50,50,50,50,50,54,50,54,50,50,50
1662,Karol Mets,DF,St. Pauli,60,73,50,88,52,59,50,50,50,50,60,74,60,100,50,50,50
1663,Thomas Meunier,DF,Lille,81,68,50,90,49,80,50,50,50,50,60,100,60,98,50,50,50
1664,Alexander Meyer,GK,Dortmund,52,74,50,100,40,53,30,50,40,50,50,50,50,50,80,80,80
1665,Shumaira Mheuka,MD,Chelsea,67,93,50,50,50,50,50,50,50,50,50,50,50,50,50,50,50
1666,Lucas Michal,AT,Monaco,89,70,50,94,50,53,60,50,60,50,50,52,50,52,50,50,50
1667,Florian Micheler,MD,Hoffenheim,82,88,50,100,50,50,50,50,50,50,50,50,50,50,50,50,50
1668,Miguel,AT,Leganés,79,66,50,64,41,71,60,50,60,50,50,58,50,72,50,50,50
1669,Valentin Mihaila,AT,Parma,73,74,50,83,48,100,60,50,60,50,50,66,50,56,50,50,50
1670,Georges Mikautadze,AT,Lyon,81,79,50,81,71,80,60,50,60,50,50,56,50,54,50,50,50
1671,Igor Miladinović,AT,Saint-Étienne,79,84,50,77,100,50,60,50,60,50,50,52,50,51,50,50,50
1672,Nikola Milenković,DF,Nott'ham Forest,72,88,50,86,62,65,50,50,50,50,60,88,60,100,50,50,50
1673,Lewis Miley,MD,Newcastle Utd,77,79,50,87,85,53,50,50,50,50,50,54,50,54,50,50,50
1674,Vanja Milinković-Savić,GK,Torino,44,64,50,97,42,59,30,50,40,50,50,50,50,65,80,80,80
1675,Éder Militão,DF,Real Madrid,83,85,50,94,65,68,50,50,50,50,60,74,60,85,50,50,50
1676,Luis Milla,MD,Getafe,63,89,50,87,45,100,50,50,50,50,50,82,50,68,50,50,50
1677,Pere Milla,AT,Espanyol,83,85,50,67,42,56,60,50,60,50,50,54,50,53,50,50,50
1678,Enzo Millot,AT,Stuttgart,87,80,50,91,55,100,60,50,60,50,50,70,50,55,50,50,50
1679,James Milner,MD,Brighton,85,90,50,92,40,62,50,50,50,50,50,54,50,52,50,50,50
1680,Kim Min-jae,DF,Bayern Munich,78,74,50,95,69,65,50,50,50,50,60,100,60,100,50,50,50
1681,Yerry Mina,DF,Cagliari,78,71,50,90,58,62,50,50,50,50,60,100,60,100,50,50,50
1682,Takumi Minamino,AT,Monaco,92,73,50,78,48,100,60,50,60,50,50,68,50,66,50,50,50
1683,Lucas Mincarelli,DF,Montpellier,80,83,50,85,33,53,50,50,50,50,60,60,60,58,50,50,50
1684,Tyrone Mings,DF,Aston Villa,77,71,50,91,51,56,50,50,50,50,60,60,60,94,50,50,50
1685,Óscar Mingueza,MD,Celta Vigo,66,82,50,90,50,100,50,50,50,50,50,84,50,79,50,50,50
1686,Kim Minsu,AT,Girona,75,73,50,83,50,50,60,50,60,50,50,50,50,50,50,50,50
1687,Yankuba Minteh,AT,Brighton,71,72,50,75,40,100,60,50,60,50,50,70,50,70,50,50,50
1688,Bojan Miovski,AT,Girona,90,65,50,85,100,59,60,50,60,50,50,54,50,57,50,50,50
1689,Rafa Mir,AT,Valencia,81,68,50,86,66,53,60,50,60,50,50,52,50,55,50,50,50
1690,Juan Miranda,DF,Bologna,76,77,50,89,47,100,50,50,50,50,60,84,60,79,50,50,50
1691,Fabio Miretti,AT,Genoa,83,66,50,87,45,100,60,50,60,50,50,62,50,62,50,50,50
1692,Tyrick Mitchell,DF,Crystal Palace,64,70,50,83,42,100,50,50,50,50,60,74,60,100,50,50,50
1693,Kaoru Mitoma,AT,Brighton,71,85,50,86,45,100,60,50,60,50,50,70,50,59,50,50,50
1694,Maximilian Mittelstädt,DF,Stuttgart,63,77,50,92,56,100,50,50,50,50,60,100,60,100,50,50,50
1695,Koji Miyoshi,AT,Bochum,69,75,50,80,23,65,60,50,60,50,50,54,50,52,50,50,50
1696,Henrikh Mkhitaryan,MD,Inter,80,87,50,91,78,100,50,50,50,50,50,82,50,83,50,50,50
1697,Jakub Moder,MD,Brighton,65,92,50,71,50,59,50,50,50,50,50,50,50,53,50,50,50
1698,Rui Modesto,DF,Udinese,80,77,50,85,50,53,50,50,50,50,60,60,60,58,50,50,50
1699,Luka Modrić,MD,Real Madrid,73,84,50,93,65,100,50,50,50,50,50,84,50,63,50,50,50
1700,Max Moerstedt,AT,Hoffenheim,78,83,50,69,25,71,60,50,60,50,50,50,50,55,50,50,50
1701,Mostafa Mohamed,AT,Nantes,85,80,50,68,64,59,60,50,60,50,50,66,50,70,50,50,50
1702,Johan Mojica,DF,Mallorca,76,82,50,88,52,100,50,50,50,50,60,98,60,100,50,50,50
1703,David Mokwa,AT,Hoffenheim,87,83,50,33,50,50,60,50,60,50,50,50,50,50,50,50,50
1704,Alberto Moleiro,AT,Las Palmas,71,83,50,88,52,100,60,50,60,50,50,70,50,57,50,50,50
1705,Nahuel Molina,DF,Atlético Madrid,75,72,50,91,47,83,50,50,50,50,60,70,60,87,50,50,50
1706,Florent Mollet,AT,Nantes,81,65,50,93,33,68,60,50,60,50,50,52,50,54,50,50,50
1707,Jon Moncayola,MD,Osasuna,73,78,50,87,50,100,50,50,50,50,50,72,50,67,50,50,50
1708,Gonzalo Montiel,MD,Sevilla,84,92,50,96,60,50,50,50,50,50,50,54,50,61,50,50,50
1709,Lorenzo Montipò,GK,Hellas Verona,62,80,50,100,32,50,30,50,40,50,50,50,50,65,80,80,80
1710,Mikey Moore,AT,Tottenham,90,74,50,96,20,59,60,50,60,50,50,52,50,51,50,50,50
1711,Álvaro Morata,AT,Milan,90,75,50,79,67,71,60,50,60,50,50,60,50,55,50,50,50
1712,Morato,DF,Nott'ham Forest,72,85,50,82,33,50,50,50,50,50,60,66,60,100,50,50,50
1713,Diego Moreira,MD,Strasbourg,74,90,50,84,58,100,50,50,50,50,50,100,50,100,50,50,50
1714,Alberto Moreno,DF,Como,65,79,50,92,56,95,50,50,50,50,60,74,60,77,50,50,50
1715,Álex Moreno,DF,Nott'ham Forest,63,79,50,86,34,62,50,50,50,50,60,78,60,83,50,50,50
1716,Gerard Moreno,AT,Villarreal,91,81,50,83,62,95,60,50,60,50,50,54,50,55,50,50,50
1717,Matias Moreno,DF,Fiorentina,80,80,50,84,60,53,50,50,50,50,60,60,60,56,50,50,50
1718,Tete Morente,AT,Lecce,69,77,50,90,52,98,60,50,60,50,50,70,50,73,50,50,50
1719,Mateu Morey,DF,Mallorca,78,69,50,88,50,59,50,50,50,50,60,68,60,61,50,50,50
1720,Ilaix Moriba,MD,Celta Vigo,73,82,50,87,80,95,50,50,50,50,50,66,50,74,50,50,50
1721,Manu Morlanes,MD,Mallorca,77,75,50,92,69,68,50,50,50,50,50,96,50,65,50,50,50
1722,Nikola Moro,MD,Bologna,72,89,50,85,69,100,50,50,50,50,50,74,50,66,50,50,50
1723,Raúl Moro,AT,Valladolid,92,84,50,78,54,100,60,50,60,50,50,68,50,62,50,50,50
1724,Sam Morsy,MD,Ipswich Town,79,93,50,93,62,95,50,50,50,50,50,94,50,86,50,50,50
1725,Gabriel Moscardo,MD,Reims,76,76,50,81,100,50,50,50,50,50,50,50,50,50,50,50,50
1726,Cristhian Mosquera,DF,Valencia,74,87,50,94,77,50,50,50,50,50,60,100,60,100,50,50,50
1727,Daniel Mosquera,AT,Hellas Verona,79,84,50,73,44,86,60,50,60,50,50,52,50,57,50,50,50
1728,Yerson Mosquera,DF,Wolves,62,70,50,90,62,56,50,50,50,50,60,70,60,64,50,50,50
1729,Dany Mota,AT,Monza,77,70,50,80,60,95,60,50,60,50,50,66,50,70,50,50,50
1730,Yael Mouanga,DF,Montpellier,60,82,50,89,58,53,50,50,50,50,60,60,60,80,50,50,50
1731,Aimen Moueffek,MD,Saint-Étienne,67,84,50,91,71,62,50,50,50,50,50,56,50,67,50,50,50
1732,Youssoufa Moukoko,AT,Nice,82,84,50,91,100,65,60,50,60,50,50,50,50,50,50,50,50
1733,Steve Mounié,AT,Augsburg,76,65,50,63,50,53,60,50,60,50,50,50,50,54,50,50,50
1734,Mason Mount,AT,Manchester Utd,78,73,50,87,55,62,60,50,60,50,50,50,50,50,50,50,50
1735,Santiago Mouriño,DF,Alavés,68,76,50,83,58,65,50,50,50,50,60,88,60,100,50,50,50
1736,Louis Mouton,MD,Saint-Étienne,65,95,50,88,68,86,50,50,50,50,50,70,50,66,50,50,50
1737,Divin Mubama,AT,Manchester City,89,65,50,100,100,50,60,50,60,50,50,50,50,50,50,50,50
1738,Mykhailo Mudryk,AT,Chelsea,90,85,50,70,50,56,60,50,60,50,50,50,50,51,50,50,50
1739,Ngal'Ayel Mukau,MD,Lille,67,81,50,92,86,77,50,50,50,50,50,76,50,67,50,50,50
1740,Nordi Mukiele,DF,Leverkusen,74,71,50,89,51,65,50,50,50,50,60,68,60,77,50,50,50
1741,Florian Müller,GK,Freiburg,55,61,50,100,32,50,30,50,40,50,50,50,50,50,80,80,80
1742,Kevin Müller,GK,Heidenheim,50,77,50,100,50,50,30,50,40,50,50,50,50,58,80,80,80
1743,Marius Müller,GK,Wolfsburg,49,76,50,100,52,50,30,50,40,50,50,50,50,50,80,80,80
1744,Thomas Müller,AT,Bayern Munich,76,82,50,85,67,100,60,50,60,50,50,50,50,58,50,50,50
1745,Abdul Mumin,DF,Rayo Vallecano,63,68,50,92,45,53,50,50,50,50,60,96,60,100,50,50,50
1746,Marshall Munetsi,AT,Wolves,91,79,50,76,50,56,60,50,60,50,50,54,50,55,50,50,50
1747,Marshall Munetsi,MD,Reims,84,83,50,76,40,100,50,50,50,50,50,84,50,85,50,50,50
1748,Rodrigo Muniz,AT,Fulham,77,84,50,67,83,68,60,50,60,50,50,58,50,62,50,50,50
1749,Aihen Muñoz,DF,Real Sociedad,74,79,50,88,26,53,50,50,50,50,60,72,60,82,50,50,50
1750,Álex Muñoz,DF,Las Palmas,76,69,50,90,47,68,50,50,50,50,60,80,60,100,50,50,50
1751,Daniel Muñoz,DF,Crystal Palace,67,86,50,84,43,100,50,50,50,50,60,100,60,100,50,50,50
1752,Iker Muñoz,MD,Osasuna,85,77,50,88,52,59,50,50,50,50,50,56,50,57,50,50,50
1753,Javier Muñoz,MD,Las Palmas,82,92,50,86,60,100,50,50,50,50,50,94,50,82,50,50,50
1754,Arijanet Muric,GK,Ipswich Town,43,71,50,100,40,50,30,50,40,50,50,50,50,60,80,80,80
1755,Murillo,DF,Nott'ham Forest,80,86,50,91,48,83,50,50,50,50,60,100,60,100,50,50,50
1756,Vedat Muriqi,AT,Mallorca,82,70,50,73,66,100,60,50,60,50,50,64,50,81,50,50,50
1757,Jacob Murphy,AT,Newcastle Utd,71,71,50,84,41,100,60,50,60,50,50,70,50,68,50,50,50
1758,Bob Murphy Omoregbe,MD,Milan,68,86,50,100,50,50,50,50,50,50,50,50,50,50,50,50,50
1759,Yunus Musah,AT,Milan,83,68,50,90,78,100,60,50,60,50,50,64,50,58,50,50,50
1760,Jamal Musiala,MD,Bayern Munich,64,89,50,87,82,100,50,50,50,50,50,62,50,55,50,50,50
1761,Florent Muslija,AT,Freiburg,90,68,50,78,40,59,60,50,60,50,50,52,50,51,50,50,50
1762,Almoatasem Al Musrati,MD,Monaco,67,88,50,93,72,62,50,50,50,50,50,58,50,54,50,50,50
1763,Juan Musso,GK,Atalanta,44,71,50,100,27,50,30,50,40,50,50,50,50,50,80,80,80
1764,Juan Musso,GK,Atlético Madrid,62,75,50,100,28,50,30,50,40,50,50,50,50,50,80,80,80
1765,Kingstone Mutandwa,AT,Cagliari,74,84,50,80,50,50,60,50,60,50,50,50,50,50,50,50,50
1766,Junior Mwanga,MD,Le Havre,76,95,50,75,53,53,50,50,50,50,50,56,50,56,50,50,50
1767,Junior Mwanga,MD,Strasbourg,78,91,50,90,77,53,50,50,50,50,50,54,50,52,50,50,50
1768,Phillipp Mwene,DF,Mainz 05,58,86,50,87,51,100,50,50,50,50,60,94,60,96,50,50,50
1769,Vitaliy Mykolenko,DF,Everton,58,73,50,88,41,98,50,50,50,50,60,100,60,100,50,50,50
1770,Joakim Mæhle,DF,Wolfsburg,80,88,50,90,52,86,50,50,50,50,60,88,60,87,50,50,50
1771,Obite N'Dicka,DF,Roma,81,71,50,96,64,74,50,50,50,50,60,100,60,100,50,50,50
1772,Konan N'dri,AT,Lecce,73,66,50,100,50,53,60,50,60,50,50,50,50,50,50,50,50
1773,Loïc N'Gatta,DF,Auxerre,69,79,50,100,50,50,50,50,50,50,60,60,60,51,50,50,50
1774,Nathan N'Goumou,AT,Gladbach,89,74,50,84,30,65,60,50,60,50,50,58,50,65,50,50,50
1775,Djylian N'Guessan,AT,Saint-Étienne,82,81,50,87,100,53,60,50,60,50,50,50,50,51,50,50,50
1776,Stanley N'Soki,DF,Hoffenheim,77,79,50,94,65,59,50,50,50,50,60,90,60,91,50,50,50
1777,Mickael Nade,DF,Saint-Étienne,64,87,50,96,51,62,50,50,50,50,60,100,60,100,50,50,50
1778,Bilal Nadir,MD,Marseille,71,94,50,92,80,65,50,50,50,50,50,52,50,53,50,50,50
1779,Mahamadou Nagida,DF,Rennes,64,81,50,86,57,59,50,50,50,50,60,68,60,56,50,50,50
1780,Keito Nakamura,AT,Reims,70,81,50,83,60,86,60,50,60,50,50,66,50,59,50,50,50
1781,Sebastian Nanasi,AT,Strasbourg,68,72,50,86,46,100,60,50,60,50,50,60,50,63,50,50,50
1782,Yael Nandjou,DF,Nice,79,77,50,87,50,56,50,50,50,50,60,60,60,57,50,50,50
1783,Matija Nastasić,DF,Leganés,70,88,50,89,48,53,50,50,50,50,60,86,60,100,50,50,50
1784,Natan,DF,Betis,81,72,50,93,59,59,50,50,50,50,60,82,60,100,50,50,50
1785,Pau Navarro,DF,Villarreal,69,86,50,94,66,50,50,50,50,50,60,60,60,71,50,50,50
1786,Roberto Navarro,AT,Mallorca,74,71,50,86,51,89,60,50,60,50,50,70,50,62,50,50,50
1787,Jesús Navas,AT,Sevilla,77,76,50,89,57,80,60,50,60,50,50,58,50,56,50,50,50
1788,Michel Ndary Adopo,MD,Cagliari,65,77,50,86,58,89,50,50,50,50,50,78,50,64,50,50,50
1789,Youssouf Ndayishimiye,DF,Nice,70,77,50,95,50,62,50,50,50,50,60,78,60,100,50,50,50
1790,Iliman Ndiaye,AT,Everton,81,68,50,84,71,98,60,50,60,50,50,70,50,69,50,50,50
1791,Junior Ndiaye,AT,Montpellier,91,81,50,58,50,50,60,50,60,50,50,50,50,51,50,50,50
1792,Rassoul Ndiaye,MD,Le Havre,80,92,50,84,48,68,50,50,50,50,50,70,50,71,50,50,50
1793,Wilfred Ndidi,MD,Leicester City,81,81,50,85,52,77,50,50,50,50,50,80,50,100,50,50,50
1794,Wilfried Ndollo,DF,Montpellier,77,71,50,100,50,50,50,50,50,50,60,60,60,50,50,50,50
1795,Tanguy Ndombele,MD,Nice,76,95,50,91,71,100,50,50,50,50,50,78,50,59,50,50,50
1796,Cher Ndour,AT,Fiorentina,74,79,50,73,100,50,60,50,60,50,50,52,50,52,50,50,50
1797,Dan Ndoye,AT,Bologna,89,80,50,85,51,95,60,50,60,50,50,60,50,54,50,50,50
1798,Paul Nebel,MD,Mainz 05,70,76,50,86,51,100,50,50,50,50,50,68,50,76,50,50,50
1799,Kosta Nedeljković,DF,Aston Villa,68,74,50,95,80,50,50,50,50,50,60,60,60,53,50,50,50
1800,Kosta Nedeljković,AT,RB Leipzig,70,79,50,93,50,53,60,50,60,50,50,50,50,50,50,50,50
1801,Loïc Nego,AT,Le Havre,83,69,50,87,42,80,60,50,60,50,50,70,50,100,50,50,50
1802,Ivan Nekić,DF,Holstein Kiel,79,75,50,91,25,50,50,50,50,50,60,60,60,52,50,50,50
1803,Reiss Nelson,AT,Arsenal,92,73,50,50,50,50,60,50,60,50,50,50,50,51,50,50,50
1804,Reiss Nelson,AT,Fulham,92,65,50,92,63,89,60,50,60,50,50,60,50,52,50,50,50
1805,Victor Nelsson,DF,Roma,61,84,50,85,100,50,50,50,50,50,60,60,60,56,50,50,50
1806,David Nemeth,DF,St. Pauli,71,72,50,93,58,56,50,50,50,50,60,68,60,100,50,50,50
1807,David Neres,AT,Napoli,87,70,50,89,38,100,60,50,60,50,50,62,50,54,50,50,50
1808,Neto,GK,Bournemouth,39,64,50,100,36,50,30,50,40,50,50,50,50,51,80,80,80
1809,Pedro Neto,AT,Chelsea,79,82,50,91,44,100,60,50,60,50,50,64,50,53,50,50,50
1810,Luca Netz,DF,Gladbach,58,70,50,91,45,98,50,50,50,50,60,70,60,71,50,50,50
1811,Manuel Neuer,GK,Bayern Munich,60,74,50,100,65,53,30,50,40,50,50,50,50,58,80,80,80
1812,Florian Neuhaus,MD,Gladbach,75,85,50,83,66,68,50,50,50,50,50,58,50,53,50,50,50
1813,João Neves,MD,Paris S-G,73,77,50,93,75,100,50,50,50,50,50,88,50,67,50,50,50
1814,Yvan Neyou,MD,Leganés,83,90,50,90,72,74,50,50,50,50,50,88,50,83,50,50,50
1815,Cyril Ngonge,AT,Napoli,70,77,50,93,44,59,60,50,60,50,50,52,50,54,50,50,50
1816,Mikayil Ngor Faye,DF,Rennes,63,74,50,94,59,53,50,50,50,50,60,68,60,75,50,50,50
1817,Steve Ngoura,AT,Le Havre,91,65,50,64,100,56,60,50,60,50,50,50,50,52,50,50,50
1818,Bernard Nguene,AT,Nice,77,83,50,100,50,50,60,50,60,50,50,50,50,50,50,50,50
1819,Moussa Niakhate,DF,Lyon,78,74,50,94,66,62,50,50,50,50,60,80,60,100,50,50,50
1820,Abdoulaye Niakhate Ndiaye,DF,Brest,62,76,50,85,73,53,50,50,50,50,60,64,60,100,50,50,50
1821,Ibrahima Niane,AT,Angers,89,73,50,76,58,77,60,50,60,50,50,54,50,54,50,50,50
1822,Tanguy Nianzou,DF,Sevilla,82,73,50,94,46,50,50,50,50,50,60,66,60,77,50,50,50
1823,Cheikh Niasse,MD,Hellas Verona,69,81,50,82,80,50,50,50,50,50,50,76,50,62,50,50,50
1824,Rasmus Nicolaisen,DF,Toulouse,61,69,50,90,64,56,50,50,50,50,60,70,60,75,50,50,50
1825,Moritz Nicolas,GK,Gladbach,49,64,50,100,58,50,30,50,40,50,50,52,50,58,80,80,80
1826,Hans Nicolussi Caviglia,MD,Venezia,86,90,50,90,54,100,50,50,50,50,50,90,50,89,50,50,50
1827,Julian Niehues,MD,Heidenheim,68,94,50,75,50,53,50,50,50,50,50,50,50,51,50,50,50
1828,Saúl Ñíguez,MD,Sevilla,72,90,50,86,47,100,50,50,50,50,50,84,50,71,50,50,50
1829,Eybi Nije,AT,Torino,88,72,50,72,57,62,60,50,60,50,50,50,50,51,50,50,50
1830,Tamás Nikitscher,MD,Valladolid,81,91,50,91,85,53,50,50,50,50,50,66,50,56,50,50,50
1831,Adrian Niño,AT,Atlético Madrid,85,73,50,50,50,50,60,50,60,50,50,50,50,50,50,50,50
1832,Justin Njinmah,AT,Werder Bremen,72,76,50,71,83,71,60,50,60,50,50,56,50,51,50,50,50
1833,Eddie Nketiah,AT,Crystal Palace,83,83,50,77,58,83,60,50,60,50,50,54,50,58,50,50,50
1834,Niels Nkounkou,MD,Eint Frankfurt,65,90,50,86,39,77,50,50,50,50,50,64,50,64,50,50,50
1835,Christopher Nkunku,AT,Chelsea,86,72,50,92,100,89,60,50,60,50,50,62,50,57,50,50,50
1836,Felix Nmecha,MD,Dortmund,69,87,50,92,79,77,50,50,50,50,50,86,50,75,50,50,50
1837,Lukas Nmecha,AT,Wolfsburg,88,81,50,60,100,53,60,50,60,50,50,54,50,53,50,50,50
1838,Arnaud Nordin,AT,Montpellier,70,67,50,80,50,95,60,50,60,50,50,60,50,57,50,50,50
1839,Arnaud Nordin,DF,Mainz 05,59,70,50,100,50,53,50,50,50,50,60,60,60,50,50,50,50
1840,Brooke Norton-Cuffy,MD,Genoa,67,87,50,75,50,53,50,50,50,50,50,54,50,51,50,50,50
1841,Tijjani Noslin,AT,Lazio,83,71,50,86,61,74,60,50,60,50,50,52,50,57,50,50,50
1842,Hugo Novoa,MD,Alavés,83,83,50,81,100,56,50,50,50,50,50,50,50,56,50,50,50
1843,Plamedi Nsingi,MD,Nantes,86,87,50,100,50,50,50,50,50,50,50,50,50,50,50,50,50
1844,Randy Nteka,AT,Rayo Vallecano,87,84,50,73,60,77,60,50,60,50,50,58,50,62,50,50,50
1845,Ernest Nuamah,AT,Lyon,72,85,50,91,72,86,60,50,60,50,50,60,50,58,50,50,50
1846,Alexander Nübel,GK,Stuttgart,60,60,50,98,52,56,30,50,40,50,50,50,50,62,80,80,80
1847,Matheus Nunes,MD,Manchester City,65,88,50,90,70,100,50,50,50,50,50,72,50,73,50,50,50
1848,Darwin Núñez,AT,Liverpool,73,84,50,80,73,74,60,50,60,50,50,56,50,62,50,50,50
1849,Unai Núñez,DF,Athletic Club,73,85,50,84,64,50,50,50,50,50,60,74,60,63,50,50,50
1850,Antonio Nusa,MD,RB Leipzig,75,77,50,82,32,100,50,50,50,50,50,66,50,61,50,50,50
1851,Ethan Nwaneri,AT,Arsenal,84,67,50,91,52,74,60,50,60,50,50,52,50,52,50,50,50
1852,Ørjan Nyland,GK,Sevilla,62,76,50,99,31,59,30,50,40,50,50,50,50,60,80,80,80
1853,Allan Nyom,MD,Getafe,66,83,50,91,34,62,50,50,50,50,50,54,50,64,50,50,50
1854,Rabby Nzingoula,MD,Montpellier,84,79,50,83,53,71,50,50,50,50,50,100,50,69,50,50,50
1855,M'Bala Nzola,AT,Lens,87,67,50,79,83,100,60,50,60,50,50,58,50,56,50,50,50
1856,Marwann Nzuzi,DF,Saint-Étienne,78,77,50,95,66,53,50,50,50,50,60,60,60,56,50,50,50
1857,Christian Nørgaard,MD,Brentford,80,77,50,88,61,89,50,50,50,50,50,100,50,98,50,50,50
1858,Jake O'Brien,DF,Everton,77,78,50,87,64,59,50,50,50,50,60,60,60,100,50,50,50
1859,Matt O'Riley,MD,Brighton,68,75,50,92,40,83,50,50,50,50,50,72,50,54,50,50,50
1860,Dara O'Shea,DF,Ipswich Town,65,75,50,86,51,53,50,50,50,50,60,100,60,100,50,50,50
1861,Adam Obert,DF,Cagliari,64,78,50,89,42,77,50,50,50,50,60,86,60,88,50,50,50
1862,Chidozie Obi-Martin,AT,Manchester Utd,78,81,50,100,50,50,60,50,60,50,50,50,50,50,50,50,50
1863,Jan Oblak,GK,Atlético Madrid,52,76,50,100,51,50,30,50,40,50,50,50,50,58,80,80,80
1864,Lucas Ocampos,AT,Sevilla,76,65,50,80,54,59,60,50,60,50,50,50,50,52,50,50,50
1865,Jens Odgaard,AT,Bologna,83,69,50,91,53,80,60,50,60,50,50,66,50,60,50,50,50
1866,Wilson Odobert,AT,Tottenham,86,73,50,92,50,59,60,50,60,50,50,52,50,51,50,50,50
1867,Álvaro Odriozola,DF,Real Sociedad,63,80,50,91,75,50,50,50,50,50,60,60,60,51,50,50,50
1868,Tim Oermann,DF,Bochum,61,72,50,87,60,62,50,50,50,50,60,82,60,87,50,50,50
1869,Chiedozie Ogbene,AT,Ipswich Town,73,77,50,83,100,56,60,50,60,50,50,52,50,53,50,50,50
1870,Ifechukwu Ogbus,DF,Freiburg,64,71,50,100,50,50,50,50,50,50,60,60,60,52,50,50,50
1871,Thiago Ojeda,MD,Villarreal,86,91,50,100,50,50,50,50,50,50,50,50,50,51,50,50,50
1872,Hamzat Ojediran,AT,Lens,81,75,50,89,58,56,60,50,60,50,50,70,50,57,50,50,50
1873,Noah Okafor,AT,Napoli,77,66,50,50,50,53,60,50,60,50,50,50,50,51,50,50,50
1874,Noah Okafor,AT,Milan,75,81,50,75,55,62,60,50,60,50,50,54,50,51,50,50,50
1875,Caleb Okoli,DF,Leicester City,79,85,50,91,55,50,50,50,50,50,60,78,60,100,50,50,50
1876,Yllan Okou,DF,Hellas Verona,66,75,50,50,50,50,50,50,50,50,60,60,60,50,50,50,50
1877,Maduka Okoye,GK,Udinese,52,79,50,98,49,50,30,50,40,50,50,50,50,54,80,80,80
1878,Joseph Okumu,DF,Reims,63,86,50,88,62,53,50,50,50,50,60,88,60,100,50,50,50
1879,Kazeem Olaigbe,AT,Rennes,82,83,50,100,50,62,60,50,60,50,50,50,50,50,50,50,50
1880,Olasagasti,MD,Real Sociedad,67,95,50,83,52,62,50,50,50,50,50,66,50,56,50,50,50
1881,Ben Old,AT,Saint-Étienne,73,79,50,89,27,62,60,50,60,50,50,52,50,51,50,50,50
1882,Finn Ole Becker,MD,Hoffenheim,80,88,50,87,66,71,50,50,50,50,50,64,50,61,50,50,50
1883,Michael Olise,AT,Bayern Munich,69,76,50,91,41,100,60,50,60,50,50,62,50,60,50,50,50
1884,Brian Oliván,DF,Espanyol,74,70,50,92,39,95,50,50,50,50,60,70,60,73,50,50,50
1885,Lucas Oliveira Rosa,DF,Valladolid,66,83,50,89,45,89,50,50,50,50,60,100,60,100,50,50,50
1886,Mathías Olivera,DF,Napoli,82,74,50,89,62,100,50,50,50,50,60,96,60,90,50,50,50
1887,Dani Olmo,AT,Barcelona,73,78,50,89,75,98,60,50,60,50,50,52,50,59,50,50,50
1888,Robin Olsen,GK,Aston Villa,54,76,50,100,40,50,30,50,40,50,50,50,50,52,80,80,80
1889,Warmed Omari,DF,Lyon,58,88,50,50,100,50,50,50,50,50,60,60,60,51,50,50,50
1890,Becir Omeragic,MD,Montpellier,82,87,50,92,66,56,50,50,50,50,50,68,50,98,50,50,50
1891,Jonas Omlin,GK,Gladbach,49,79,50,100,55,50,30,50,40,50,50,50,50,50,80,80,80
1892,Andrew Omobamidele,DF,Strasbourg,65,76,50,95,81,50,50,50,50,50,60,60,60,70,50,50,50
1893,Ado Onaiwu,AT,Auxerre,71,74,50,75,70,68,60,50,60,50,50,54,50,59,50,50,50
1894,Amadou Onana,MD,Aston Villa,81,81,50,94,72,65,50,50,50,50,50,88,50,76,50,50,50
1895,André Onana,GK,Manchester Utd,57,73,50,99,37,53,30,50,40,50,50,50,50,60,80,80,80
1896,Jean Onana,MD,Genoa,80,88,50,80,100,50,50,50,50,50,50,52,50,52,50,50,50
1897,Jacob Ondrejka,AT,Parma,71,72,50,92,50,53,60,50,60,50,50,52,50,51,50,50,50
1898,Karim Onisiwo,AT,Mainz 05,85,78,50,71,100,53,60,50,60,50,50,50,50,50,50,50,50
1899,Paul Onuachu,AT,Southampton,68,76,50,64,62,71,60,50,60,50,50,52,50,61,50,50,50
1900,Frank Onyeka,MD,Brentford,77,89,50,100,50,50,50,50,50,50,50,50,50,50,50,50,50
1901,Frank Onyeka,MD,Augsburg,83,87,50,87,64,86,50,50,50,50,50,100,50,81,50,50,50
1902,Loïs Openda,AT,RB Leipzig,90,65,50,71,55,100,60,50,60,50,50,58,50,60,50,50,50
1903,Christopher Operi,AT,Le Havre,70,84,50,91,37,100,60,50,60,50,50,70,50,80,50,50,50
1904,Fredrik Oppegard,MD,Auxerre,83,89,50,94,50,50,50,50,50,50,50,50,50,52,50,50,50
1905,Victor Orakpo,AT,Nice,86,68,50,90,100,50,60,50,60,50,50,50,50,50,50,50,50
1906,Ike Orazi,MD,Reims,72,92,50,100,50,50,50,50,50,50,50,50,50,50,50,50,50
1907,Gift Orban,AT,Lyon,75,67,50,78,66,53,60,50,60,50,50,50,50,50,50,50,50
1908,Gift Orban,AT,Hoffenheim,84,83,50,73,50,53,60,50,60,50,50,50,50,52,50,50,50
1909,Willi Orban,DF,RB Leipzig,81,71,50,87,58,71,50,50,50,50,60,88,60,100,50,50,50
1910,Ivan Ordets,DF,Bochum,62,74,50,74,62,56,50,50,50,50,60,100,60,100,50,50,50
1911,Lewis Orford,MD,West Ham,82,89,50,84,66,56,50,50,50,50,50,52,50,50,50,50,50
1912,Gaetano Oristanio,AT,Venezia,81,73,50,80,60,100,60,50,60,50,50,62,50,56,50,50,50
1913,Aimar Oroz,MD,Osasuna,79,79,50,89,70,100,50,50,50,50,50,82,50,55,50,50,50
1914,Riccardo Orsolini,AT,Bologna,85,82,50,81,52,100,60,50,60,50,50,60,50,58,50,50,50
1915,Stefan Ortega,GK,Manchester City,44,75,50,97,55,50,30,50,40,50,50,50,50,58,80,80,80
1916,Ángel Ortíz,DF,Betis,73,82,50,88,35,59,50,50,50,50,60,60,60,57,50,50,50
1917,Gabriel Osei Misehouy,AT,Girona,69,78,50,93,50,62,60,50,60,50,50,50,50,50,50,50,50
1918,Gabriel Osho,DF,Auxerre,62,68,50,91,67,53,50,50,50,50,60,74,60,100,50,50,50
1919,Yordan Osorio,DF,Parma,61,82,50,89,50,53,50,50,50,50,60,60,60,56,50,50,50
1920,Patrick Osterhage,MD,Freiburg,83,83,50,89,57,80,50,50,50,50,50,84,50,77,50,50,50
1921,William Osula,AT,Newcastle Utd,77,76,50,25,50,53,60,50,60,50,50,52,50,51,50,50,50
1922,Jibril Othman,AT,Saint-Étienne,86,66,50,100,50,50,60,50,60,50,50,50,50,50,50,50,50
1923,David Otorbi,MD,Valencia,81,91,50,66,50,50,50,50,50,50,50,50,50,50,50,50,50
1924,Dango Ouattara,AT,Bournemouth,68,77,50,73,37,100,60,50,60,50,50,64,50,89,50,50,50
1925,Guimissongui Ouattara,AT,Strasbourg,87,68,50,87,70,59,60,50,60,50,50,58,50,60,50,50,50
1926,Kassoum Ouattara,AT,Monaco,78,68,50,84,59,68,60,50,60,50,50,60,50,52,50,50,50
1927,Remi Oudin,AT,Lecce,82,79,50,76,52,68,60,50,60,50,50,54,50,51,50,50,50
1928,Assan Ouedraogo,MD,RB Leipzig,83,90,50,100,50,50,50,50,50,50,50,50,50,50,50,50,50
1929,Zinédine Ould Khaled,MD,Angers,65,88,50,75,100,50,50,50,50,50,50,50,50,51,50,50,50
1930,Cheick Oumar Conde,MD,Venezia,68,76,50,100,50,53,50,50,50,50,50,50,50,51,50,50,50
1931,Jesús Owono,GK,Alavés,42,77,50,100,45,50,30,50,40,50,50,50,50,51,80,80,80
1932,Beres Owusu,DF,Saint-Étienne,74,73,50,90,50,53,50,50,50,50,60,60,60,55,50,50,50
1933,Elisha Owusu,MD,Auxerre,67,82,50,85,58,83,50,50,50,50,50,100,50,83,50,50,50
1934,Mikel Oyarzabal,AT,Real Sociedad,85,78,50,84,42,77,60,50,60,50,50,58,50,61,50,50,50
1935,Daniel Oyegoke,DF,Hellas Verona,76,84,50,94,50,50,50,50,50,50,60,60,60,57,50,50,50
1936,Salih Özcan,MD,Wolfsburg,66,75,50,84,40,65,50,50,50,50,50,64,50,55,50,50,50
1937,Salih Özcan,MD,Dortmund,66,82,50,88,42,62,50,50,50,50,50,54,50,52,50,50,50
1938,Cenk Özkacar,DF,Valladolid,76,83,50,91,45,50,50,50,50,50,60,70,60,73,50,50,50
1939,Nico O’Reilly,MD,Manchester City,79,83,50,100,50,50,50,50,50,50,50,50,50,51,50,50,50
1940,Jon Pacheco,DF,Real Sociedad,64,73,50,89,58,50,50,50,50,50,60,62,60,86,50,50,50
1941,Willian Pacho,DF,Paris S-G,82,82,50,96,70,56,50,50,50,50,60,100,60,100,50,50,50
1942,Daniele Padelli,GK,Udinese,54,76,50,100,37,50,30,50,40,50,50,50,50,50,80,80,80
1943,Alex Padilla,GK,Athletic Club,41,60,50,100,38,50,30,50,40,50,50,50,50,52,80,80,80
1944,Simone Pafundi,MD,Udinese,69,91,50,85,50,53,50,50,50,50,50,50,50,51,50,50,50
1945,Exequiel Palacios,MD,Leverkusen,82,95,50,92,76,100,50,50,50,50,50,66,50,56,50,50,50
1946,Tiago Palacios,DF,Monza,62,73,50,91,64,50,50,50,50,50,60,60,60,59,50,50,50
1947,Tiago Palacios,DF,Inter,59,74,50,100,100,50,50,50,50,50,60,60,60,50,50,50,50
1948,Isaac Palazón Camacho,AT,Rayo Vallecano,91,80,50,88,50,100,60,50,60,50,50,66,50,60,50,50,50
1949,Alberto Paleari,GK,Torino,42,65,50,100,75,50,30,50,40,50,50,50,50,52,80,80,80
1950,Marco Palestra,DF,Atalanta,77,80,50,82,25,56,50,50,50,50,60,60,60,53,50,50,50
1951,João Palhinha,MD,Bayern Munich,85,87,50,97,65,59,50,50,50,50,50,58,50,57,50,50,50
1952,Nicolas Pallois,DF,Nantes,58,84,50,85,60,56,50,50,50,50,60,92,60,100,50,50,50
1953,Alex Palmer,GK,Ipswich Town,58,61,50,90,44,53,30,50,40,50,50,50,50,52,80,80,80
1954,Cole Palmer,MD,Chelsea,64,83,50,85,58,100,50,50,50,50,50,64,50,61,50,50,50
1955,Emerson Palmieri,DF,West Ham,61,77,50,88,41,95,50,50,50,50,60,86,60,95,50,50,50
1956,Mats Pannewig,MD,Bochum,73,75,50,88,33,53,50,50,50,50,50,52,50,54,50,50,50
1957,Lucas Paquetá,AT,West Ham,72,71,50,84,63,100,60,50,60,50,50,70,50,73,50,50,50
1958,Aitor Paredes,DF,Athletic Club,76,68,50,86,55,53,50,50,50,50,60,84,60,100,50,50,50
1959,Leandro Paredes,MD,Roma,80,91,50,94,63,95,50,50,50,50,50,82,50,71,50,50,50
1960,Daniel Parejo,MD,Villarreal,73,78,50,92,75,89,50,50,50,50,50,82,50,74,50,50,50
1961,Fabiano Parisi,MD,Fiorentina,79,78,50,88,65,59,50,50,50,50,50,70,50,63,50,50,50
1962,Thomas Partey,MD,Arsenal,83,75,50,93,69,95,50,50,50,50,50,100,50,87,50,50,50
1963,Mario Pašalić,MD,Atalanta,71,93,50,91,79,100,50,50,50,50,50,72,50,72,50,50,50
1964,Álvaro Pascual,AT,Sevilla,90,70,50,66,100,50,60,50,60,50,50,54,50,50,50,50,50
1965,Felix Passlack,MD,Bochum,71,77,50,81,42,100,50,50,50,50,50,76,50,97,50,50,50
1966,Patric,DF,Lazio,59,85,50,92,63,53,50,50,50,50,60,60,60,70,50,50,50
1967,Rui Patrício,GK,Atalanta,45,75,50,100,50,50,30,50,40,50,50,50,50,53,80,80,80
1968,Nathan Patterson,AT,Everton,91,82,50,96,54,56,60,50,60,50,50,50,50,53,50,50,50
1969,Benjamin Pavard,DF,Inter,65,74,50,94,79,74,50,50,50,50,60,78,60,81,50,50,50
1970,Aleksandar Pavlovic,MD,Bayern Munich,73,85,50,97,69,65,50,50,50,50,50,56,50,59,50,50,50
1971,Strahinja Pavlović,DF,Milan,80,73,50,96,51,68,50,50,50,50,60,70,60,99,50,50,50
1972,Leonardo Pavoletti,AT,Cagliari,74,82,50,71,25,77,60,50,60,50,50,50,50,51,50,50,50
1973,Martín Payero,MD,Udinese,83,75,50,91,51,71,50,50,50,50,50,70,50,61,50,50,50
1974,Nicolas Pays,AT,Montpellier,70,79,50,81,25,56,60,50,60,50,50,54,50,51,50,50,50
1975,Nicolás Paz,AT,Como,85,72,50,88,48,100,60,50,60,50,50,70,50,62,50,50,50
1976,Mads Pedersen,DF,Augsburg,59,76,50,96,66,50,50,50,50,50,60,60,60,55,50,50,50
1977,Marcus Pedersen,DF,Torino,76,77,50,83,46,68,50,50,50,50,60,74,60,82,50,50,50
1978,Alfonso Pedraza,MD,Villarreal,63,82,50,100,25,59,50,50,50,50,50,50,50,50,50,50,50
1979,Pedri,MD,Barcelona,78,86,50,93,70,100,50,50,50,50,50,80,50,67,50,50,50
1980,Pedro,AT,Lazio,84,76,50,91,64,86,60,50,60,50,50,56,50,52,50,50,50
1981,Kévin Pedro,DF,Saint-Étienne,71,73,50,80,50,50,50,50,50,50,60,60,60,51,50,50,50
1982,Adrià Pedrosa,DF,Sevilla,65,77,50,91,34,83,50,50,50,50,60,74,60,100,50,50,50
1983,Jordan Pefok,AT,Union Berlin,81,85,50,77,57,92,60,50,60,50,50,58,50,68,50,50,50
1984,Pejiño,AT,Las Palmas,88,76,50,100,50,50,60,50,60,50,50,50,50,50,50,50,50
1985,Pietro Pellegri,AT,Empoli,77,66,50,82,50,71,60,50,60,50,50,50,50,53,50,50,50
1986,Lorenzo Pellegrini,MD,Roma,79,83,50,87,50,100,50,50,50,50,50,60,50,68,50,50,50
1987,Luca Pellegrini,DF,Lazio,76,83,50,89,44,83,50,50,50,50,60,74,60,65,50,50,50
1988,Mateo Pellegrino,AT,Parma,79,65,50,66,50,50,60,50,60,50,50,50,50,50,50,50,50
1989,Théo Pellenard,DF,Auxerre,79,81,50,88,50,50,50,50,50,50,60,60,60,53,50,50,50
1990,Andy Pelmard,DF,Lecce,66,87,50,100,66,50,50,50,50,50,60,60,60,55,50,50,50
1991,Andy Pelmard,DF,Las Palmas,77,77,50,96,46,53,50,50,50,50,60,60,60,70,50,50,50
1992,Timothee Pembele,DF,Le Havre,58,87,50,87,52,53,50,50,50,50,60,60,60,78,50,50,50
1993,Faris Pemi Moumbagna,AT,Marseille,69,85,50,50,50,50,60,50,60,50,50,50,50,50,50,50,50
1994,Iñaki Peña,GK,Barcelona,62,80,50,98,54,50,30,50,40,50,50,50,50,70,80,80,80
1995,Rubén Peña,AT,Osasuna,87,66,50,76,38,86,60,50,60,50,50,60,50,60,50,50,50
1996,Nicolas Pépé,AT,Villarreal,83,73,50,91,58,89,60,50,60,50,50,58,50,55,50,50,50
1997,Peque,AT,Sevilla,87,68,50,85,72,80,60,50,60,50,50,64,50,54,50,50,50
1998,Óscar Perea,MD,Strasbourg,80,82,50,50,50,50,50,50,50,50,50,50,50,50,50,50,50
1999,Andreas Pereira,MD,Fulham,80,78,50,83,41,100,50,50,50,50,50,64,50,63,50,50,50
2000,Mathias Pereira Lage,AT,Brest,69,69,50,72,34,80,60,50,60,50,50,70,50,63,50,50,50
2001,Pedro Pereira,DF,Monza,81,72,50,87,51,83,50,50,50,50,60,74,60,100,50,50,50
2002,Ricardo Pereira,DF,Leicester City,68,78,50,90,100,50,50,50,50,50,60,60,60,50,50,50,50
2003,Gastón Pereiro,MD,Genoa,85,93,50,80,100,50,50,50,50,50,50,50,50,51,50,50,50
2004,Daniel Peretz,GK,Bayern Munich,45,77,50,100,40,50,30,50,40,50,50,50,50,52,80,80,80
2005,Ayoze Pérez,AT,Villarreal,92,81,50,87,55,100,60,50,60,50,50,58,50,59,50,50,50
2006,Carles Pérez,AT,Getafe,90,67,50,77,35,98,60,50,60,50,50,62,50,69,50,50,50
2007,Francisco Perez,AT,Valencia,92,79,50,91,50,65,60,50,60,50,50,54,50,54,50,50,50
2008,Kike Pérez,MD,Venezia,81,90,50,84,41,77,50,50,50,50,50,64,50,55,50,50,50
2009,Kike Pérez,MD,Valladolid,87,85,50,83,53,100,50,50,50,50,50,64,50,68,50,50,50
2010,Luis Pérez,DF,Valladolid,69,73,50,89,58,100,50,50,50,50,60,100,60,100,50,50,50
2011,Nehuén Pérez,DF,Udinese,62,87,50,87,71,50,50,50,50,50,60,60,60,57,50,50,50
2012,Simone Perilli,GK,Hellas Verona,51,60,50,50,31,50,30,50,40,50,50,50,50,51,80,80,80
2013,Mattia Perin,GK,Juventus,52,70,50,100,38,50,30,50,40,50,50,50,50,52,80,80,80
2014,Romain Perraud,DF,Betis,67,83,50,90,35,77,50,50,50,50,60,86,60,100,50,50,50
2015,Lucas Perri,GK,Lyon,55,67,50,100,42,53,30,50,40,50,50,50,50,65,80,80,80
2016,Gaëtan Perrin,AT,Auxerre,83,72,50,81,50,100,60,50,60,50,50,70,50,54,50,50,50
2017,Máximo Perrone,MD,Como,82,81,50,94,72,100,50,50,50,50,50,74,50,77,50,50,50
2018,Noah Pesch,AT,Gladbach,80,72,50,50,50,50,60,50,60,50,50,50,50,50,50,50,50
2019,Matteo Pessina,MD,Monza,76,83,50,88,75,62,50,50,50,50,50,74,50,57,50,50,50
2020,Andrea Petagna,AT,Monza,91,67,50,77,66,50,60,50,60,50,50,52,50,52,50,50,50
2021,Léo Pétrot,DF,Saint-Étienne,72,68,50,90,38,74,50,50,50,50,60,100,60,100,50,50,50
2022,Đorđe Petrović,GK,Strasbourg,60,62,50,99,45,50,30,50,40,50,50,50,50,66,80,80,80
2023,Giuseppe Pezzella,AT,Empoli,84,74,50,82,39,100,60,50,60,50,50,70,50,100,50,50,50
2024,Valentín Pezzolesi,DF,Las Palmas,68,75,50,50,50,50,50,50,50,50,60,60,60,51,50,50,50
2025,Luca Philipp,GK,Hoffenheim,43,79,50,100,43,50,30,50,40,50,50,50,50,51,80,80,80
2026,Maximilian Philipp,AT,Freiburg,75,79,50,75,50,50,60,50,60,50,50,50,50,50,50,50,50
2027,Kalvin Phillips,MD,Ipswich Town,67,76,50,84,61,62,50,50,50,50,50,88,50,83,50,50,50
2028,Jaden Philogene Bidace,AT,Aston Villa,81,85,50,81,66,53,60,50,60,50,50,56,50,52,50,50,50
2029,Jaden Philogene Bidace,AT,Ipswich Town,82,84,50,89,60,65,60,50,60,50,50,68,50,58,50,50,50
2030,Pica,DF,Alavés,79,85,50,79,56,53,50,50,50,50,60,66,60,73,50,50,50
2031,Roberto Piccoli,AT,Cagliari,74,73,50,74,60,86,60,50,60,50,50,54,50,76,50,50,50
2032,Benedikt Pichler,AT,Holstein Kiel,91,72,50,65,71,83,60,50,60,50,50,54,50,61,50,50,50
2033,Jordan Pickford,GK,Everton,57,76,50,99,46,56,30,50,40,50,50,52,50,75,80,80,80
2034,Amos Pieper,DF,Werder Bremen,65,78,50,88,58,53,50,50,50,50,60,82,60,85,50,50,50
2035,Marvin Pieringer,AT,Heidenheim,75,77,50,71,36,100,60,50,60,50,50,62,50,69,50,50,50
2036,Nicholas Pierini,MD,Venezia,69,78,50,78,50,56,50,50,50,50,50,50,50,50,50,50,50
2037,Santiago Pierotti,AT,Lecce,87,83,50,81,62,100,60,50,60,50,50,68,50,74,50,50,50
2038,Balthazar Pierret,MD,Lecce,87,77,50,92,47,74,50,50,50,50,50,80,50,81,50,50,50
2039,Andrea Pinamonti,AT,Genoa,69,72,50,72,54,86,60,50,60,50,50,52,50,70,50,50,50
2040,Ethan Pinnock,DF,Brentford,65,79,50,94,56,74,50,50,50,50,60,98,60,100,50,50,50
2041,Yeremi Pino,MD,Villarreal,66,77,50,78,65,100,50,50,50,50,50,62,50,60,50,50,50
2042,Niccolò Pisilli,MD,Roma,83,80,50,90,60,80,50,50,50,50,50,68,50,65,50,50,50
2043,Semuel Pizzignacco,GK,Monza,51,71,50,100,54,50,30,50,40,50,50,50,50,53,80,80,80
2044,Alassane Pléa,AT,Gladbach,81,66,50,82,63,100,60,50,60,50,50,54,50,54,50,50,50
2045,Tommaso Pobega,MD,Bologna,68,79,50,87,51,77,50,50,50,50,50,72,50,62,50,50,50
2046,Daniel Podence,AT,Wolves,84,67,50,100,50,50,60,50,60,50,50,50,50,50,50,50,50
2047,Joel Pohjanpalo,AT,Venezia,84,78,50,67,48,95,60,50,60,50,50,58,50,74,50,50,50
2048,Matteo Politano,AT,Napoli,70,67,50,86,39,100,60,50,60,50,50,68,50,82,50,50,50
2049,Alfie Pond,DF,Wolves,79,80,50,50,50,50,50,50,50,50,60,60,60,50,50,50,50
2050,Marin Pongračić,DF,Fiorentina,70,69,50,88,77,56,50,50,50,50,60,60,60,90,50,50,50
2051,Nick Pope,GK,Newcastle Utd,58,61,50,98,40,50,30,50,40,50,50,52,50,69,80,80,80
2052,Finn Porath,MD,Holstein Kiel,65,79,50,88,45,100,50,50,50,50,50,86,50,100,50,50,50
2053,Pedro Porro,DF,Tottenham,77,85,50,87,44,100,50,50,50,50,60,100,60,100,50,50,50
2054,Portu,AT,Girona,72,82,50,82,11,62,60,50,60,50,50,50,50,51,50,50,50
2055,Stefan Posch,DF,Bologna,74,75,50,82,67,80,50,50,50,50,60,60,60,72,50,50,50
2056,Stefan Posch,DF,Atalanta,73,70,50,97,39,50,50,50,50,50,60,60,60,63,50,50,50
2057,Tom Pouilly,DF,Lens,67,68,50,81,20,53,50,50,50,50,60,60,60,54,50,50,50
2058,Yussuf Poulsen,AT,RB Leipzig,86,65,50,72,33,62,60,50,60,50,50,50,50,60,50,50,50
2059,Beñat Prados,MD,Athletic Club,78,94,50,86,55,65,50,50,50,50,50,94,50,69,50,50,50
2060,Alexander Prass,DF,Hoffenheim,73,86,50,86,42,100,50,50,50,50,60,68,60,98,50,50,50
2061,Matteo Prati,MD,Cagliari,85,84,50,84,48,62,50,50,50,50,50,54,50,53,50,50,50
2062,Abdón Prats,AT,Mallorca,87,79,50,69,80,53,60,50,60,50,50,52,50,53,50,50,50
2063,Grischa Prömel,MD,Hoffenheim,84,90,50,88,42,50,50,50,50,50,50,54,50,54,50,50,50
2064,Ivan Provedel,GK,Lazio,48,72,50,100,55,59,30,50,40,50,50,52,50,59,80,80,80
2065,Ivan Prtajin,AT,Union Berlin,80,81,50,52,50,53,60,50,60,50,50,50,50,53,50,50,50
2066,Javi Puado,AT,Espanyol,74,66,50,81,42,89,60,50,60,50,50,58,50,63,50,50,50
2067,Tymoteusz Puchacz,DF,Holstein Kiel,66,69,50,91,38,74,50,50,50,50,60,60,60,61,50,50,50
2068,Diego Pugno,AT,Juventus,82,79,50,100,50,53,60,50,60,50,50,50,50,50,50,50,50
2069,Christian Pulisic,AT,Milan,87,84,50,89,35,100,60,50,60,50,50,56,50,57,50,50,50
2070,Jarell Quansah,DF,Liverpool,67,70,50,97,72,50,50,50,50,50,60,60,60,63,50,50,50
2071,Leopold Querfeld,DF,Union Berlin,74,83,50,91,52,71,50,50,50,50,60,68,60,100,50,50,50
2072,Dani Raba,AT,Leganés,73,68,50,81,40,100,60,50,60,50,50,70,50,62,50,50,50
2073,Adrien Rabiot,MD,Marseille,85,86,50,92,56,98,50,50,50,50,50,84,50,75,50,50,50
2074,Ionuț Radu,GK,Venezia,58,60,50,100,24,50,30,50,40,50,50,50,50,50,80,80,80
2075,Hamza Rafia,MD,Lecce,81,95,50,88,47,98,50,50,50,50,50,58,50,68,50,50,50
2076,Hákon Rafn Valdimarsson,GK,Brentford,61,65,50,100,41,50,30,50,40,50,50,50,50,52,80,80,80
2077,Antonio Raillo,DF,Mallorca,77,83,50,92,65,80,50,50,50,50,60,100,60,100,50,50,50
2078,Antonio Raimondo,AT,Venezia,75,75,50,70,50,53,60,50,60,50,50,50,50,50,50,50,50
2079,Ylber Ramadani,MD,Lecce,74,84,50,88,63,83,50,50,50,50,50,90,50,71,50,50,50
2080,Benito Ramírez,MD,Las Palmas,86,80,50,93,42,80,50,50,50,50,50,52,50,64,50,50,50
2081,Sandro Ramírez,AT,Las Palmas,89,71,50,75,33,100,60,50,60,50,50,70,50,68,50,50,50
2082,Gonçalo Ramos,AT,Paris S-G,83,76,50,85,50,77,60,50,60,50,50,50,50,53,50,50,50
2083,Aaron Ramsdale,GK,Southampton,54,70,50,100,38,50,30,50,40,50,50,54,50,58,80,80,80
2084,Jacob Ramsey,AT,Aston Villa,89,67,50,92,68,89,60,50,60,50,50,64,50,56,50,50,50
2085,Luca Ranieri,DF,Fiorentina,61,83,50,94,59,83,50,50,50,50,60,86,60,100,50,50,50
2086,Grant Ranos,AT,Gladbach,72,82,50,66,50,50,60,50,60,50,50,50,50,50,50,50,50
2087,Lilian Raolisoa,AT,Angers,71,67,50,86,42,68,60,50,60,50,50,70,50,81,50,50,50
2088,Raphinha,AT,Barcelona,90,77,50,82,46,100,60,50,60,50,50,62,50,70,50,50,50
2089,Marcus Rashford,AT,Manchester Utd,71,73,50,83,50,95,60,50,60,50,50,58,50,57,50,50,50
2090,Marcus Rashford,AT,Aston Villa,76,77,50,84,30,71,60,50,60,50,50,50,50,53,50,50,50
2091,Giacomo Raspadori,AT,Napoli,87,74,50,79,43,98,60,50,60,50,50,54,50,55,50,50,50
2092,Andrei Ratiu,DF,Rayo Vallecano,61,69,50,89,48,100,50,50,50,50,60,88,60,100,50,50,50
2093,Raúl,AT,Osasuna,90,84,50,77,30,56,60,50,60,50,50,50,50,53,50,50,50
2094,David Raum,DF,RB Leipzig,80,80,50,87,41,100,50,50,50,50,60,66,60,82,50,50,50
2095,Federico Ravaglia,GK,Bologna,56,78,50,100,46,53,30,50,40,50,50,50,50,53,80,80,80
2096,Rayan Raveloson,MD,Auxerre,77,91,50,94,78,59,50,50,50,50,50,60,50,72,50,50,50
2097,David Raya,GK,Arsenal,43,62,50,99,39,50,30,50,40,50,50,54,50,62,80,80,80
2098,Abderrahman Rebbach,AT,Alavés,89,67,50,70,47,68,60,50,60,50,50,50,50,56,50,50,50
2099,Ante Rebić,AT,Lecce,79,81,50,74,50,98,60,50,60,50,50,52,50,53,50,50,50
2100,Harrison Reed,MD,Fulham,63,90,50,86,50,53,50,50,50,50,50,52,50,52,50,50,50
2101,Remy Rees-Dottin,AT,Bournemouth,69,70,50,50,50,50,60,50,60,50,50,50,50,50,50,50,50
2102,Sergio Reguilón,DF,Tottenham,66,84,50,75,33,53,50,50,50,50,60,60,60,53,50,50,50
2103,Bobby Reid,AT,Leicester City,75,74,50,80,28,68,60,50,60,50,50,50,50,58,50,50,50
2104,Tijjani Reijnders,MD,Milan,78,85,50,90,70,100,50,50,50,50,50,100,50,69,50,50,50
2105,Pepe Reina,GK,Como,58,77,50,100,47,50,30,50,40,50,50,50,50,53,80,80,80
2106,Rocco Reitz,MD,Gladbach,77,87,50,88,63,89,50,50,50,50,50,100,50,86,50,50,50
2107,Nicolai Remberg,MD,Holstein Kiel,64,79,50,80,60,68,50,50,50,50,50,84,50,100,50,50,50
2108,Álex Remiro,GK,Real Sociedad,46,62,50,100,49,53,30,50,40,50,50,50,50,60,80,80,80
2109,Devyne Rensch,DF,Roma,70,84,50,90,33,53,50,50,50,50,60,60,60,55,50,50,50
2110,Guillaume Restes,GK,Toulouse,48,76,50,99,37,50,30,50,40,50,50,52,50,63,80,80,80
2111,Mateo Retegui,AT,Atalanta,92,74,50,85,65,100,60,50,60,50,50,54,50,61,50,50,50
2112,Elvis Rexhbeçaj,MD,Augsburg,65,88,50,83,39,86,50,50,50,50,50,80,50,67,50,50,50
2113,Gio Reyna,MD,Dortmund,82,84,50,85,56,56,50,50,50,50,50,50,50,59,50,50,50
2114,Chadi Riad,DF,Crystal Palace,65,81,50,85,61,50,50,50,50,50,60,60,60,50,50,50,50
2115,Alexsandro Ribeiro,DF,Lille,67,87,50,93,68,68,50,50,50,50,60,98,60,100,50,50,50
2116,Samuele Ricci,MD,Torino,86,85,50,90,69,80,50,50,50,50,50,94,50,92,50,50,50
2117,Declan Rice,MD,Arsenal,74,90,50,92,49,100,50,50,50,50,50,88,50,82,50,50,50
2118,Chris Richards,DF,Crystal Palace,67,79,50,89,44,56,50,50,50,50,60,68,60,100,50,50,50
2119,Amir Richardson,MD,Fiorentina,87,83,50,93,71,68,50,50,50,50,50,58,50,75,50,50,50
2120,Richarlison,AT,Tottenham,73,73,50,75,71,62,60,50,60,50,50,50,50,58,50,50,50
2121,Diego Rico,DF,Getafe,82,81,50,85,37,100,50,50,50,50,60,100,60,100,50,50,50
2122,Fabian Rieder,AT,Stuttgart,75,84,50,86,44,83,60,50,60,50,50,62,50,53,50,50,50
2123,Luis Rioja,AT,Alavés,85,77,50,75,50,53,60,50,60,50,50,50,50,50,50,50,50
2124,Luis Rioja,AT,Valencia,88,75,50,84,36,100,60,50,60,50,50,70,50,84,50,50,50
2125,Rodrigo Riquelme,MD,Atlético Madrid,63,83,50,87,27,80,50,50,50,50,50,52,50,53,50,50,50
2126,Alberto Risco,AT,Getafe,70,84,50,83,50,62,60,50,60,50,50,50,50,50,50,50,50
2127,Mihailo Ristić,MD,Celta Vigo,78,92,50,90,38,53,50,50,50,50,50,52,50,56,50,50,50
2128,Lars Ritzka,MD,St. Pauli,66,84,50,89,31,65,50,50,50,50,50,66,50,78,50,50,50
2129,Gorka Rivera Alonso,MD,Getafe,87,84,50,50,50,50,50,50,50,50,50,50,50,50,50,50,50
2130,Sergi Roberto,MD,Como,75,91,50,93,70,95,50,50,50,50,50,68,50,63,50,50,50
2131,Andrew Robertson,DF,Liverpool,66,68,50,95,48,100,50,50,50,50,60,88,60,93,50,50,50
2132,Antonee Robinson,DF,Fulham,67,80,50,86,55,100,50,50,50,50,60,100,60,100,50,50,50
2133,Marc Roca,MD,Betis,87,86,50,93,61,86,50,50,50,50,50,78,50,64,50,50,50
2134,Rodri,MD,Manchester City,72,90,50,96,100,53,50,50,50,50,50,52,50,50,50,50,50
2135,Rodri,AT,Betis,72,90,50,97,63,56,60,50,60,50,50,52,50,51,50,50,50
2136,Adrian Rodriguez,GK,Alavés,56,72,50,50,29,50,30,50,40,50,50,50,50,51,80,80,80
2137,Álvaro Rodríguez,AT,Getafe,91,69,50,61,42,59,60,50,60,50,50,56,50,61,50,50,50
2138,Óscar Rodríguez Arnaiz,AT,Leganés,69,68,50,85,56,83,60,50,60,50,50,70,50,65,50,50,50
2139,Damián Rodríguez,MD,Celta Vigo,74,81,50,92,56,83,50,50,50,50,50,62,50,60,50,50,50
2140,Dani Rodríguez,AT,Mallorca,74,77,50,80,42,100,60,50,60,50,50,68,50,70,50,50,50
2141,Guido Rodríguez,MD,West Ham,69,78,50,87,62,59,50,50,50,50,50,74,50,78,50,50,50
2142,James Rodríguez,AT,Rayo Vallecano,71,73,50,90,54,56,60,50,60,50,50,52,50,50,50,50,50
2143,Javi Rodríguez,DF,Celta Vigo,61,83,50,92,58,80,50,50,50,50,60,100,60,100,50,50,50
2144,Jesus Rodríguez,AT,Betis,78,81,50,82,57,65,60,50,60,50,50,60,50,52,50,50,50
2145,Kirian Rodríguez,MD,Las Palmas,68,75,50,91,62,98,50,50,50,50,50,70,50,71,50,50,50
2146,Ricardo Rodríguez,DF,Betis,78,69,50,92,38,62,50,50,50,50,60,62,60,74,50,50,50
2147,Rodrygo,AT,Real Madrid,89,82,50,95,38,100,60,50,60,50,50,66,50,56,50,50,50
2148,Mads Roerslev,DF,Brentford,78,85,50,88,55,92,50,50,50,50,60,60,60,85,50,50,50
2149,Mads Roerslev,DF,Wolfsburg,80,69,50,89,61,53,50,50,50,50,60,60,60,65,50,50,50
2150,Morgan Rogers,AT,Aston Villa,74,81,50,80,78,100,60,50,60,50,50,58,50,67,50,50,50
2151,Merlin Röhl,AT,Freiburg,75,75,50,81,100,74,60,50,60,50,50,60,50,52,50,50,50
2152,Alessio Romagnoli,DF,Lazio,72,84,50,94,66,65,50,50,50,50,60,90,60,100,50,50,50
2153,Leo Román,GK,Mallorca,54,69,50,100,43,50,30,50,40,50,50,50,50,50,80,80,80
2154,Carlos Romero,MD,Espanyol,86,78,50,79,36,95,50,50,50,50,50,78,50,100,50,50,50
2155,Cristian Romero,DF,Tottenham,68,72,50,92,67,68,50,50,50,50,60,76,60,82,50,50,50
2156,Isaac Romero,AT,Sevilla,89,67,50,79,69,100,60,50,60,50,50,60,50,68,50,50,50
2157,Luka Romero,AT,Alavés,83,77,50,75,12,62,60,50,60,50,50,52,50,50,50,50,50
2158,Oriol Romeu,MD,Girona,80,89,50,92,79,65,50,50,50,50,50,70,50,62,50,50,50
2159,Valentin Rongier,MD,Marseille,86,95,50,94,62,80,50,50,50,50,50,94,50,72,50,50,50
2160,Marten de Roon,MD,Atalanta,67,84,50,90,67,100,50,50,50,50,50,100,50,92,50,50,50
2161,Vitor Roque,AT,Betis,80,82,50,76,75,86,60,50,60,50,50,64,50,54,50,50,50
2162,Pablo Rosario,MD,Nice,67,81,50,90,57,86,50,50,50,50,50,98,50,85,50,50,50
2163,Lasse Rosenboom,DF,Holstein Kiel,77,81,50,75,54,83,50,50,50,50,60,76,60,99,50,50,50
2164,Max Rosenfelder,DF,Freiburg,63,70,50,87,58,62,50,50,50,50,60,60,60,100,50,50,50
2165,Valentin Rosier,DF,Leganés,72,85,50,90,38,68,50,50,50,50,60,100,60,100,50,50,50
2166,Tom Rothe,MD,Union Berlin,80,80,50,85,44,80,50,50,50,50,50,72,50,85,50,50,50
2167,Anthony Rouault,DF,Rennes,73,77,50,100,50,50,50,50,50,50,60,60,60,60,50,50,50
2168,Anthony Rouault,DF,Stuttgart,62,79,50,94,58,68,50,50,50,50,60,88,60,100,50,50,50
2169,Jonas Rouhi,DF,Juventus,82,75,50,94,43,50,50,50,50,50,60,60,60,52,50,50,50
2170,Jérôme Roussillon,MD,Union Berlin,69,82,50,80,20,50,50,50,50,50,50,54,50,56,50,50,50
2171,Nicolò Rovella,MD,Lazio,69,91,50,95,68,100,50,50,50,50,50,100,50,79,50,50,50
2172,Jon Rowe,AT,Marseille,92,84,50,91,50,89,60,50,60,50,50,52,50,51,50,50,50
2173,Amir Rrahmani,DF,Napoli,70,87,50,95,75,68,50,50,50,50,60,82,60,100,50,50,50
2174,Tommaso Rubino,MD,Fiorentina,71,83,50,50,50,53,50,50,50,50,50,50,50,50,50,50,50
2175,Antonio Rüdiger,DF,Real Madrid,81,86,50,96,71,68,50,50,50,50,60,66,60,100,50,50,50
2176,Matteo Ruggeri,DF,Atalanta,58,83,50,92,51,100,50,50,50,50,60,80,60,84,50,50,50
2177,Aitor Ruibal,AT,Betis,84,69,50,94,58,89,60,50,60,50,50,68,50,64,50,50,50
2178,Abel Ruiz,AT,Girona,80,81,50,92,63,62,60,50,60,50,50,58,50,57,50,50,50
2179,Ferrán Ruiz,MD,Girona,66,84,50,66,50,50,50,50,50,50,50,52,50,50,50,50,50
2180,Fabián Ruiz Peña,MD,Paris S-G,75,81,50,93,78,100,50,50,50,50,50,76,50,75,50,50,50
2181,Gerónimo Rulli,GK,Marseille,59,64,50,99,55,53,30,50,40,50,50,50,50,71,80,80,80
2182,Georginio Rutter,AT,Brighton,75,73,50,76,62,100,60,50,60,50,50,68,50,63,50,50,50
2183,Mathew Ryan,GK,Lens,43,67,50,100,45,50,30,50,40,50,50,50,50,51,80,80,80
2184,Julian Ryerson,DF,Dortmund,80,79,50,94,56,100,50,50,50,50,60,84,60,70,50,50,50
2185,Frederik Rønnow,GK,Union Berlin,50,60,50,98,45,50,30,50,40,50,50,50,50,60,80,80,80
2186,José Sá,GK,Wolves,53,60,50,98,29,56,30,50,40,50,50,50,50,63,80,80,80
2187,Elias Saad,AT,St. Pauli,91,81,50,83,66,80,60,50,60,50,50,52,50,51,50,50,50
2188,Youssouf Sabaly,DF,Betis,67,86,50,92,38,71,50,50,50,50,60,70,60,82,50,50,50
2189,Emmanuel Sabbi,AT,Le Havre,86,77,50,72,61,62,60,50,60,50,50,56,50,54,50,50,50
2190,Stefano Sabelli,DF,Genoa,82,76,50,86,33,80,50,50,50,50,60,78,60,100,50,50,50
2191,Marcel Sabitzer,AT,Dortmund,89,76,50,93,52,80,60,50,60,50,50,70,50,79,50,50,50
2192,Falaye Sacko,DF,Montpellier,80,73,50,90,54,71,50,50,50,50,60,72,60,64,50,50,50
2193,Umar Sadiq,AT,Valencia,75,74,50,76,100,59,60,50,60,50,50,50,50,51,50,50,50
2194,Umar Sadiq,AT,Real Sociedad,76,81,50,60,50,53,60,50,60,50,50,52,50,52,50,50,50
2195,Alexis Saelemaekers,AT,Roma,87,74,50,90,50,100,60,50,60,50,50,62,50,55,50,50,50
2196,Alexis Saelemaekers,AT,Milan,78,81,50,97,66,56,60,50,60,50,50,52,50,50,50,50,50
2197,Jorge Sáenz,DF,Leganés,82,72,50,95,49,56,50,50,50,50,60,84,60,100,50,50,50
2198,Matvei Safonov,GK,Paris S-G,62,79,50,100,48,50,30,50,40,50,50,52,50,53,80,80,80
2199,Modibo Sagnan,DF,Montpellier,59,76,50,93,68,68,50,50,50,50,60,100,60,100,50,50,50
2200,Richie Sagrado,DF,Venezia,73,72,50,89,50,50,50,50,50,50,60,60,60,54,50,50,50
2201,Osame Sahraoui,AT,Lille,83,68,50,89,77,100,60,50,60,50,50,62,50,55,50,50,50
2202,Wesley Saïd,AT,Lens,85,68,50,85,25,68,60,50,60,50,50,50,50,52,50,50,50
2203,Théo Sainte-Luce,DF,Montpellier,62,84,50,84,38,71,50,50,50,50,60,60,60,72,50,50,50
2204,Bukayo Saka,AT,Arsenal,86,89,50,89,46,100,60,50,60,50,50,54,50,57,50,50,50
2205,Faik Sakar,MD,RB Leipzig,81,77,50,50,50,50,50,50,50,50,50,50,50,50,50,50,50
2206,Marco Sala,DF,Como,58,75,50,91,29,53,50,50,50,50,60,60,60,59,50,50,50
2207,Marco Sala,DF,Lecce,68,78,50,100,50,50,50,50,50,50,60,60,60,50,50,50,50
2208,Ibrahim Salah,AT,Brest,77,74,50,85,53,68,60,50,60,50,50,54,50,50,50,50,50
2209,Mohamed Salah,AT,Liverpool,90,88,50,83,58,100,60,50,60,50,50,58,50,55,50,50,50
2210,Anass Salah-Eddine,DF,Roma,74,80,50,86,50,53,50,50,50,50,60,60,60,51,50,50,50
2211,Amine Salama,AT,Reims,86,68,50,85,100,65,60,50,60,50,50,52,50,50,50,50,50
2212,Jan Salas,MD,Mallorca,68,92,50,100,50,50,50,50,50,50,50,50,50,50,50,50,50
2213,Kike Salas,DF,Sevilla,71,76,50,90,35,68,50,50,50,50,60,92,60,100,50,50,50
2214,Manolis Saliakas,MD,St. Pauli,84,91,50,85,45,100,50,50,50,50,50,78,50,92,50,50,50
2215,William Saliba,DF,Arsenal,80,83,50,95,80,62,50,50,50,50,60,82,60,100,50,50,50
2216,Mohammed Salisu,DF,Monaco,78,73,50,86,52,59,50,50,50,50,60,82,60,100,50,50,50
2217,Roland Sallai,AT,Freiburg,71,72,50,66,33,53,60,50,60,50,50,52,50,50,50,50,50
2218,Yoann Salmier,DF,Le Havre,58,82,50,88,56,56,50,50,50,50,60,70,60,100,50,50,50
2219,Lazar Samardzic,AT,Atalanta,69,67,50,88,64,100,60,50,60,50,50,54,50,56,50,50,50
2220,Diadie Samassékou,MD,Hoffenheim,72,84,50,92,57,50,50,50,50,50,50,60,50,55,50,50,50
2221,Mama Samba Baldé,AT,Lyon,84,68,50,60,50,50,60,50,60,50,50,52,50,51,50,50,50
2222,Mama Samba Baldé,AT,Brest,82,82,50,75,76,92,60,50,60,50,50,60,50,64,50,50,50
2223,Brice Samba,GK,Rennes,47,78,50,100,46,50,30,50,40,50,50,50,50,59,80,80,80
2224,Brice Samba,GK,Lens,50,77,50,98,60,50,30,50,40,50,50,52,50,56,80,80,80
2225,Albert Sambi Lokonga,MD,Sevilla,67,90,50,94,65,83,50,50,50,50,50,64,50,68,50,50,50
2226,Junior Sambia,AT,Empoli,69,74,50,77,9,53,60,50,60,50,50,52,50,50,50,50,50
2227,Chuky san jose,AT,Valladolid,83,76,50,83,46,56,60,50,60,50,50,50,50,51,50,50,50
2228,Antonio Sanabria,AT,Torino,79,84,50,82,58,74,60,50,60,50,50,52,50,59,50,50,50
2229,Oihan Sancet,MD,Athletic Club,79,80,50,86,64,100,50,50,50,50,50,60,50,55,50,50,50
2230,Alexis Sánchez,AT,Udinese,81,76,50,96,100,53,60,50,60,50,50,54,50,50,50,50,50
2231,Antonio Sánchez,MD,Mallorca,79,82,50,87,50,65,50,50,50,50,50,76,50,75,50,50,50
2232,Iván Sánchez,AT,Valladolid,84,79,50,87,47,89,60,50,60,50,50,68,50,57,50,50,50
2233,Javi Sánchez,DF,Valladolid,75,82,50,94,55,65,50,50,50,50,60,86,60,100,50,50,50
2234,Juanlu Sánchez,MD,Sevilla,80,86,50,90,30,92,50,50,50,50,50,66,50,64,50,50,50
2235,Manu Sánchez,DF,Alavés,74,76,50,84,36,74,50,50,50,50,60,90,60,92,50,50,50
2236,Robert Sánchez,GK,Chelsea,45,69,50,99,39,50,30,50,40,50,50,54,50,65,80,80,80
2237,Jadon Sancho,AT,Chelsea,76,77,50,89,47,100,60,50,60,50,50,52,50,55,50,50,50
2238,Philipp Sander,MD,Gladbach,64,82,50,90,36,83,50,50,50,50,50,88,50,88,50,50,50
2239,James Sands,MD,St. Pauli,82,80,50,84,40,53,50,50,50,50,50,60,50,58,50,50,50
2240,Leroy Sané,AT,Bayern Munich,85,79,50,88,63,100,60,50,60,50,50,62,50,51,50,50,50
2241,Arouna Sangante,DF,Le Havre,69,69,50,90,45,59,50,50,50,50,60,82,60,84,50,50,50
2242,Ibrahim Sangaré,MD,Nott'ham Forest,75,82,50,88,50,56,50,50,50,50,50,54,50,54,50,50,50
2243,Nhoa Sangui,MD,Reims,63,78,50,93,47,59,50,50,50,50,50,60,50,68,50,50,50
2244,Maroan Sannadi,AT,Athletic Club,92,83,50,94,40,56,60,50,60,50,50,50,50,50,50,50,50
2245,Kaishu Sano,MD,Mainz 05,70,78,50,85,58,89,50,50,50,50,50,100,50,96,50,50,50
2246,Nicola Sansone,AT,Lecce,74,68,50,91,60,53,60,50,60,50,50,50,50,50,50,50,50
2247,Baptiste Santamaria,MD,Nice,67,78,50,92,64,62,50,50,50,50,50,78,50,62,50,50,50
2248,Baptiste Santamaria,MD,Rennes,75,75,50,87,71,62,50,50,50,50,50,74,50,57,50,50,50
2249,Jesús Santiago,MD,Getafe,72,95,50,74,27,50,50,50,50,50,50,50,50,53,50,50,50
2250,Andrey Santos,MD,Strasbourg,71,76,50,90,81,100,50,50,50,50,50,88,50,95,50,50,50
2251,Kauã Santos,GK,Eint Frankfurt,51,77,50,97,37,50,30,50,40,50,50,50,50,52,80,80,80
2252,Tiago Santos,DF,Lille,68,84,50,91,31,65,50,50,50,50,60,60,60,54,50,50,50
2253,Pablo Sarabia,AT,Wolves,92,80,50,84,44,74,60,50,60,50,50,58,50,55,50,50,50
2254,Jeremy Sarmiento,MD,Brighton,74,80,50,100,50,50,50,50,50,50,50,50,50,50,50,50,50
2255,Amin Sarr,AT,Hellas Verona,72,65,50,81,44,100,60,50,60,50,50,54,50,60,50,50,50
2256,Ismaila Sarr,AT,Crystal Palace,78,81,50,74,44,100,60,50,60,50,50,62,50,76,50,50,50
2257,Malang Sarr,DF,Lens,62,81,50,93,73,56,50,50,50,50,60,86,60,90,50,50,50
2258,Mamadou Sarr,DF,Strasbourg,79,84,50,97,69,65,50,50,50,50,60,86,60,100,50,50,50
2259,Martin Satriano,AT,Lens,81,83,50,72,50,56,60,50,60,50,50,50,50,52,50,50,50
2260,Razvan Sava,GK,Udinese,51,72,50,100,35,50,30,50,40,50,50,50,50,56,80,80,80
2261,Téji Savanier,MD,Montpellier,73,80,50,80,56,100,50,50,50,50,50,74,50,67,50,50,50
2262,Sávio,AT,Manchester City,87,67,50,89,58,100,60,50,60,50,50,58,50,57,50,50,50
2263,Nicolò Savona,DF,Juventus,68,83,50,95,60,95,50,50,50,50,60,64,60,72,50,50,50
2264,Saba Sazonov,DF,Torino,58,83,50,50,50,50,50,50,50,50,60,60,60,50,50,50,50
2265,Joe Scally,DF,Gladbach,67,74,50,92,47,74,50,50,50,50,60,76,60,100,50,50,50
2266,Giorgio Scalvini,DF,Atalanta,75,87,50,89,65,50,50,50,50,50,60,60,60,57,50,50,50
2267,Gianluca Scamacca,AT,Atalanta,69,83,50,100,50,50,60,50,60,50,50,50,50,50,50,50,50
2268,Oliver Scarles,DF,West Ham,81,70,50,86,22,50,50,50,50,50,60,66,60,59,50,50,50
2269,Dane Scarlett,AT,Tottenham,91,74,50,100,50,53,60,50,60,50,50,50,50,51,50,50,50
2270,Kevin Schade,AT,Brentford,92,71,50,68,48,92,60,50,60,50,50,58,50,75,50,50,50
2271,András Schäfer,MD,Union Berlin,84,88,50,85,45,68,50,50,50,50,50,78,50,66,50,50,50
2272,Fabian Schär,DF,Newcastle Utd,71,68,50,92,49,59,50,50,50,50,60,100,60,100,50,50,50
2273,Patrik Schick,AT,Leverkusen,79,70,50,82,50,80,60,50,60,50,50,54,50,61,50,50,50
2274,Stefan Schimmer,AT,Heidenheim,85,73,50,57,66,62,60,50,60,50,50,50,50,52,50,50,50
2275,Joël Schingtienne,DF,Venezia,76,87,50,87,57,53,50,50,50,50,60,60,60,61,50,50,50
2276,Xaver Schlager,MD,RB Leipzig,76,88,50,97,40,53,50,50,50,50,50,50,50,53,50,50,50
2277,Keven Schlotterbeck,DF,Augsburg,77,85,50,91,46,68,50,50,50,50,60,76,60,100,50,50,50
2278,Nico Schlotterbeck,DF,Dortmund,65,75,50,94,68,92,50,50,50,50,60,92,60,100,50,50,50
2279,Jeffrey Schlupp,MD,Crystal Palace,73,89,50,84,50,59,50,50,50,50,50,50,50,52,50,50,50
2280,Romano Schmid,MD,Werder Bremen,72,95,50,87,53,100,50,50,50,50,50,72,50,57,50,50,50
2281,Niklas Schmidt,MD,Toulouse,67,91,50,81,64,65,50,50,50,50,50,52,50,54,50,50,50
2282,Jan Schöppner,MD,Heidenheim,71,77,50,79,54,100,50,50,50,50,50,100,50,100,50,50,50
2283,Marvin Schulz,MD,Holstein Kiel,86,95,50,89,45,62,50,50,50,50,50,50,50,63,50,50,50
2284,Alexander Schwolow,GK,Union Berlin,61,77,50,100,47,50,30,50,40,50,50,50,50,51,80,80,80
2285,Léo Scienza,AT,Heidenheim,85,77,50,79,50,100,60,50,60,50,50,60,50,58,50,50,50
2286,Alex Scott,MD,Bournemouth,75,80,50,89,66,71,50,50,50,50,50,66,50,56,50,50,50
2287,Simone Scuffet,GK,Cagliari,56,80,50,98,49,50,30,50,40,50,50,50,50,58,80,80,80
2288,Jérémy Sebas,AT,Strasbourg,70,83,50,73,50,53,60,50,60,50,50,50,50,54,50,50,50
2289,Aleksandar Sedlar,DF,Alavés,66,87,50,86,65,50,50,50,50,50,60,64,60,62,50,50,50
2290,Jacopo Seghetti,GK,Empoli,49,73,50,100,40,50,30,50,40,50,50,50,50,50,80,80,80
2291,Alidu Seidu,DF,Rennes,64,88,50,91,54,65,50,50,50,50,60,78,60,67,50,50,50
2292,Nicolas Seiwald,MD,RB Leipzig,83,92,50,91,60,92,50,50,50,50,50,100,50,100,50,50,50
2293,Hiroki Sekine,DF,Reims,80,83,50,96,55,53,50,50,50,50,60,60,60,59,50,50,50
2294,Matz Sels,GK,Nott'ham Forest,48,65,50,100,38,53,30,50,40,50,50,50,50,67,80,80,80
2295,Nélson Semedo,DF,Wolves,69,78,50,90,46,100,50,50,50,50,60,72,60,100,50,50,50
2296,Antoine Semenyo,AT,Bournemouth,85,67,50,84,34,100,60,50,60,50,50,62,50,76,50,50,50
2297,Marvin Senaya,DF,Strasbourg,62,85,50,94,50,56,50,50,50,50,60,64,60,62,50,50,50
2298,Marcos Senesi,DF,Bournemouth,70,73,50,87,49,59,50,50,50,50,60,72,60,92,50,50,50
2299,Stefano Sensi,MD,Monza,81,83,50,94,64,50,50,50,50,50,50,56,50,52,50,50,50
2300,Suat Serdar,MD,Hellas Verona,85,79,50,81,66,71,50,50,50,50,50,62,50,63,50,50,50
2301,Sergi,DF,Leganés,71,88,50,93,53,65,50,50,50,50,60,100,60,100,50,50,50
2302,Nicolás Serrano,AT,Athletic Club,88,76,50,77,50,53,60,50,60,50,50,52,50,51,50,50,50
2303,Benjamin Šeško,AT,RB Leipzig,81,67,50,73,60,89,60,50,60,50,50,60,50,65,50,50,50
2304,Ryan Sessegnon,MD,Fulham,65,82,50,89,100,53,50,50,50,50,50,52,50,52,50,50,50
2305,Stephan El Shaarawy,MD,Roma,79,79,50,86,51,86,50,50,50,50,50,66,50,60,50,50,50
2306,Luke Shaw,DF,Manchester Utd,76,70,50,96,63,50,50,50,50,50,60,60,60,51,50,50,50
2307,Alen Sherri,GK,Cagliari,55,76,50,100,43,53,30,50,40,50,50,50,50,51,80,80,80
2308,Eldor Shomurodov,AT,Roma,79,75,50,78,100,71,60,50,60,50,50,50,50,52,50,50,50
2309,Djibril Sidibé,DF,Toulouse,72,81,50,89,57,89,50,50,50,50,60,82,60,92,50,50,50
2310,Armindo Sieb,AT,Mainz 05,87,85,50,78,42,74,60,50,60,50,50,52,50,57,50,50,50
2311,Vincent Sierro,MD,Toulouse,82,91,50,86,41,100,50,50,50,50,50,74,50,81,50,50,50
2312,Tim Siersleben,DF,Heidenheim,78,68,50,89,58,59,50,50,50,50,60,70,60,83,50,50,50
2313,Zain Silcott-Duberry,AT,Bournemouth,79,65,50,50,50,50,60,50,60,50,50,50,50,50,50,50,50
2314,Kiliann Sildillia,DF,Freiburg,79,72,50,83,65,59,50,50,50,50,60,66,60,75,50,50,50
2315,André Silva,AT,Werder Bremen,84,85,50,80,100,53,60,50,60,50,50,50,50,53,50,50,50
2316,André Silva,AT,RB Leipzig,71,70,50,75,100,59,60,50,60,50,50,52,50,52,50,50,50
2317,Bernardo Silva,AT,Manchester City,82,84,50,91,65,100,60,50,60,50,50,70,50,69,50,50,50
2318,Caio Henrique Oliveira Silva,DF,Monaco,63,87,50,90,40,100,50,50,50,50,60,70,60,82,50,50,50
2319,Fábio Silva,AT,Las Palmas,86,69,50,69,47,80,60,50,60,50,50,56,50,69,50,50,50
2320,Jota Silva,AT,Nott'ham Forest,71,72,50,77,33,89,60,50,60,50,50,70,50,65,50,50,50
2321,Eric da Silva Moreira,MD,Nott'ham Forest,79,83,50,85,50,50,50,50,50,50,50,52,50,50,50,50,50
2322,Rui Silva,GK,Betis,45,77,50,100,45,56,30,50,40,50,50,50,50,57,80,80,80
2323,Marco Silvestri,GK,Empoli,44,76,50,100,36,50,30,50,40,50,50,50,50,53,80,80,80
2324,Abdallah Sima,AT,Brest,73,69,50,77,85,77,60,50,60,50,50,52,50,59,50,50,50
2325,Mohamed Simakan,DF,RB Leipzig,64,86,50,78,100,59,50,50,50,50,60,60,60,50,50,50,50
2326,Giovanni Simeone,AT,Napoli,78,68,50,81,50,68,60,50,60,50,50,52,50,54,50,50,50
2327,Giuliano Simeone,MD,Atlético Madrid,64,91,50,87,33,95,50,50,50,50,50,66,50,58,50,50,50
2328,Moses Simon,AT,Nantes,82,82,50,78,44,100,60,50,60,50,50,68,50,62,50,50,50
2329,Unai Simón,GK,Athletic Club,52,77,50,100,43,50,30,50,40,50,50,50,50,56,80,80,80
2330,Xavi Simons,MD,RB Leipzig,85,83,50,87,58,100,50,50,50,50,50,66,50,62,50,50,50
2331,Jahmai Simpson-Pusey,DF,Manchester City,81,79,50,95,42,50,50,50,50,50,60,60,60,52,50,50,50
2332,Danel Sinani,AT,St. Pauli,69,73,50,88,32,68,60,50,60,50,50,52,50,57,50,50,50
2333,Lassine Sinayoko,AT,Auxerre,91,68,50,82,43,100,60,50,60,50,50,68,50,76,50,50,50
2334,Wilfried Singo,DF,Monaco,81,84,50,89,50,68,50,50,50,50,60,100,60,100,50,50,50
2335,Luis Sinisterra,AT,Bournemouth,78,85,50,90,100,74,60,50,60,50,50,50,50,56,50,50,50
2336,Daley Sinkgraven,DF,Las Palmas,75,81,50,100,14,53,50,50,50,50,60,60,60,52,50,50,50
2337,Tobias Sippel,GK,Gladbach,55,60,50,100,44,50,30,50,40,50,50,50,50,50,80,80,80
2338,Jailson Siqueira,MD,Celta Vigo,84,77,50,94,66,53,50,50,50,50,50,68,50,74,50,50,50
2339,Ayanda Sishuba,AT,Rennes,68,70,50,50,50,50,60,50,60,50,50,50,50,50,50,50,50
2340,Ibrahim Sissoko,AT,Saint-Étienne,85,76,50,75,63,71,60,50,60,50,50,54,50,63,50,50,50
2341,Ibrahima Sissoko,MD,Bochum,86,86,50,83,51,100,50,50,50,50,50,100,50,97,50,50,50
2342,Niama Sissoko,AT,Reims,86,78,50,100,100,50,60,50,60,50,50,50,50,50,50,50,50
2343,Antonio Sivera,GK,Alavés,61,77,50,100,45,53,30,50,40,50,50,50,50,63,80,80,80
2344,Tim Skarke,AT,Union Berlin,72,67,50,83,62,92,60,50,60,50,50,60,50,60,50,50,50
2345,Ellyes Skhiri,MD,Eint Frankfurt,82,83,50,92,66,95,50,50,50,50,50,94,50,81,50,50,50
2346,Oliver Skipp,MD,Leicester City,87,81,50,87,58,74,50,50,50,50,50,66,50,60,50,50,50
2347,Leo Skiri Østigård,DF,Rennes,62,84,50,87,60,56,50,50,50,50,60,80,60,100,50,50,50
2348,Leo Skiri Østigård,DF,Hoffenheim,58,75,50,80,45,50,50,50,50,50,60,60,60,86,50,50,50
2349,Łukasz Skorupski,GK,Bologna,45,60,50,100,49,50,30,50,40,50,50,50,50,56,80,80,80
2350,Andreas Skov Olsen,AT,Wolfsburg,71,77,50,82,57,80,60,50,60,50,50,52,50,56,50,50,50
2351,Robert Skov,MD,Union Berlin,87,86,50,85,43,100,50,50,50,50,50,66,50,59,50,50,50
2352,Milan Škriniar,DF,Paris S-G,66,87,50,97,80,53,50,50,50,50,60,60,60,66,50,50,50
2353,Steven Skrzybski,AT,Holstein Kiel,74,67,50,81,40,86,60,50,60,50,50,68,50,54,50,50,50
2354,Naatan Skyttä,AT,Toulouse,87,76,50,100,50,50,60,50,60,50,50,50,50,50,50,50,50
2355,William Smallbone,MD,Southampton,70,89,50,86,33,77,50,50,50,50,50,54,50,62,50,50,50
2356,Adam Smith,DF,Bournemouth,61,77,50,87,38,59,50,50,50,50,60,72,60,87,50,50,50
2357,Eric Smith,MD,St. Pauli,71,91,50,90,53,100,50,50,50,50,50,100,50,100,50,50,50
2358,Justin Smith,MD,Espanyol,66,87,50,64,33,53,50,50,50,50,50,58,50,53,50,50,50
2359,Emile Smith Rowe,MD,Fulham,73,86,50,92,70,100,50,50,50,50,50,66,50,61,50,50,50
2360,Ivan Smolčić,DF,Como,59,73,50,88,60,53,50,50,50,50,60,68,60,69,50,50,50
2361,Eduard Sobol,DF,Strasbourg,61,85,50,100,100,50,50,50,50,50,60,60,60,61,50,50,50
2362,Simon Sohm,MD,Parma,81,76,50,90,63,100,50,50,50,50,50,90,50,80,50,50,50
2363,Alex Sola,AT,Getafe,74,74,50,80,31,77,60,50,60,50,50,64,50,61,50,50,50
2364,Dominic Solanke,AT,Tottenham,75,85,50,73,62,86,60,50,60,50,50,50,50,68,50,50,50
2365,Ola Solbakken,AT,Empoli,73,84,50,70,50,71,60,50,60,50,50,54,50,58,50,50,50
2366,Carlos Soler,AT,West Ham,83,85,50,94,54,83,60,50,60,50,50,60,50,62,50,50,50
2367,Oumar Solet,DF,Udinese,62,80,50,93,71,68,50,50,50,50,60,68,60,79,50,50,50
2368,Jhon Solis,MD,Girona,78,90,50,95,63,56,50,50,50,50,50,58,50,56,50,50,50
2369,Yann Sommer,GK,Inter,43,60,50,100,65,50,30,50,40,50,50,50,50,56,80,80,80
2370,David Soria,GK,Getafe,50,77,50,100,41,50,30,50,40,50,50,52,50,62,80,80,80
2371,Juan Soriano,GK,Leganés,40,76,50,100,34,50,30,50,40,50,50,50,50,52,80,80,80
2372,Borna Sosa,DF,Torino,71,71,50,88,54,83,50,50,50,50,60,78,60,83,50,50,50
2373,Ramón Sosa,AT,Nott'ham Forest,86,82,50,66,71,71,60,50,60,50,50,56,50,54,50,50,50
2374,Hugo Sotelo,MD,Celta Vigo,70,95,50,95,58,98,50,50,50,50,50,58,50,57,50,50,50
2375,Florian Sotoca,AT,Lens,70,65,50,82,63,95,60,50,60,50,50,68,50,73,50,50,50
2376,Riccardo Sottil,AT,Fiorentina,82,68,50,81,31,86,60,50,60,50,50,58,50,53,50,50,50
2377,Riccardo Sottil,AT,Milan,86,79,50,94,50,56,60,50,60,50,50,50,50,50,50,50,50
2378,Tomáš Souček,MD,West Ham,87,76,50,79,71,89,50,50,50,50,50,76,50,100,50,50,50
2379,Matìas Soulé,AT,Roma,74,83,50,91,59,100,60,50,60,50,50,58,50,59,50,50,50
2380,Boubakary Soumaré,MD,Leicester City,77,79,50,92,66,77,50,50,50,50,50,90,50,68,50,50,50
2381,Issa Soumaré,AT,Le Havre,88,72,50,71,40,89,60,50,60,50,50,62,50,69,50,50,50
2382,Djibril Sow,MD,Sevilla,73,87,50,90,72,92,50,50,50,50,50,80,50,65,50,50,50
2383,Saidou Sow,DF,Strasbourg,60,88,50,94,51,56,50,50,50,50,60,80,60,87,50,50,50
2384,Saidou Sow,DF,Nantes,73,78,50,96,40,53,50,50,50,50,60,66,60,79,50,50,50
2385,Djed Spence,DF,Tottenham,68,80,50,94,48,74,50,50,50,50,60,70,60,78,50,50,50
2386,Leonardo Spinazzola,AT,Napoli,90,66,50,91,56,95,60,50,60,50,50,56,50,70,50,50,50
2387,Marco Sportiello,GK,Milan,60,72,50,100,83,50,30,50,40,50,50,50,50,51,80,80,80
2388,Anton Stach,MD,Hoffenheim,69,89,50,89,60,100,50,50,50,50,50,100,50,100,50,50,50
2389,Jens Stage,MD,Werder Bremen,69,84,50,84,54,95,50,50,50,50,50,84,50,80,50,50,50
2390,Josip Stanišić,DF,Bayern Munich,61,77,50,92,50,56,50,50,50,50,60,60,60,61,50,50,50
2391,Filip Stankovic,GK,Venezia,45,76,50,100,41,50,30,50,40,50,50,50,50,61,80,80,80
2392,Jay Stansfield,MD,Fulham,81,78,50,50,50,50,50,50,50,50,50,50,50,50,50,50,50
2393,Carl Starfelt,DF,Celta Vigo,63,82,50,95,77,65,50,50,50,50,60,100,60,100,50,50,50
2394,Niklas Stark,DF,Werder Bremen,69,69,50,87,64,53,50,50,50,50,60,94,60,100,50,50,50
2395,Lucas Stassin,AT,Saint-Étienne,86,85,50,83,52,89,60,50,60,50,50,54,50,55,50,50,50
2396,Jason Steele,GK,Brighton,44,68,50,100,65,50,30,50,40,50,50,50,50,51,80,80,80
2397,Orri Steinn Óskarsson,AT,Real Sociedad,85,74,50,67,50,62,60,50,60,50,50,54,50,58,50,50,50
2398,Pascal Stenzel,DF,Stuttgart,64,81,50,94,59,50,50,50,50,50,60,60,60,54,50,50,50
2399,Jack Stephens,DF,Southampton,64,82,50,93,80,56,50,50,50,50,60,60,60,83,50,50,50
2400,Leonidas Stergiou,DF,Stuttgart,60,71,50,93,50,56,50,50,50,50,60,64,60,68,50,50,50
2401,Raheem Sterling,AT,Arsenal,79,76,50,85,66,65,60,50,60,50,50,52,50,52,50,50,50
2402,Enzo Sternal,AT,Marseille,78,70,50,100,50,53,60,50,60,50,50,50,50,50,50,50,50
2403,Finley Stevens,DF,St. Pauli,76,80,50,100,50,50,50,50,50,50,60,60,60,50,50,50,50
2404,Ross Stewart,AT,Southampton,84,73,50,84,50,50,60,50,60,50,50,50,50,54,50,50,50
2405,Angelo Stiller,MD,Stuttgart,63,85,50,93,65,100,50,50,50,50,50,92,50,95,50,50,50
2406,Kevin Stöger,AT,Gladbach,70,71,50,90,54,100,60,50,60,50,50,70,50,71,50,50,50
2407,Stoichkov,AT,Alavés,85,81,50,74,42,71,60,50,60,50,50,52,50,57,50,50,50
2408,Petar Stojanović,MD,Empoli,66,80,50,100,50,50,50,50,50,50,50,50,50,50,50,50,50
2409,Jakub Stolarczyk,GK,Leicester City,53,80,50,100,45,50,30,50,40,50,50,50,50,55,80,80,80
2410,John Stones,MD,Manchester City,75,80,50,94,77,56,50,50,50,50,50,58,50,69,50,50,50
2411,Jørgen Strand Larsen,AT,Wolves,71,74,50,68,76,98,60,50,60,50,50,58,50,71,50,50,50
2412,Gabriel Strefezza,AT,Como,68,70,50,89,51,100,60,50,60,50,50,68,50,72,50,50,50
2413,Cristhian Stuani,AT,Girona,78,72,50,81,50,62,60,50,60,50,50,58,50,55,50,50,50
2414,Álex Suárez,DF,Las Palmas,72,88,50,95,50,59,50,50,50,50,60,64,60,100,50,50,50
2415,Denis Suárez,MD,Villarreal,81,85,50,85,38,74,50,50,50,50,50,52,50,51,50,50,50
2416,Gabriel Suazo,DF,Toulouse,62,72,50,88,45,100,50,50,50,50,60,100,60,83,50,50,50
2417,Luka Sučić,MD,Real Sociedad,85,80,50,90,64,100,50,50,50,50,50,74,50,62,50,50,50
2418,Yukinari Sugawara,DF,Southampton,71,68,50,88,50,100,50,50,50,50,60,70,60,95,50,50,50
2419,Niklas Süle,DF,Dortmund,73,83,50,95,72,53,50,50,50,50,60,60,60,79,50,50,50
2420,Ibrahim Sulemana,MD,Atalanta,75,89,50,88,100,50,50,50,50,50,50,50,50,51,50,50,50
2421,Kamaldeen Sulemana,AT,Southampton,69,71,50,88,42,65,60,50,60,50,50,56,50,53,50,50,50
2422,Crysencio Summerville,AT,West Ham,83,66,50,84,50,100,60,50,60,50,50,50,50,57,50,50,50
2423,Tomáš Suslov,AT,Hellas Verona,84,67,50,85,58,100,60,50,60,50,50,70,50,61,50,50,50
2424,Suso,AT,Sevilla,72,80,50,90,47,77,60,50,60,50,50,50,50,50,50,50,50
2425,Zion Suzuki,GK,Parma,43,80,50,98,37,50,30,50,40,50,50,50,50,71,80,80,80
2426,Mattias Svanberg,MD,Wolfsburg,84,93,50,83,34,89,50,50,50,50,50,74,50,75,50,50,50
2427,Daniel Svensson,DF,Dortmund,78,84,50,95,42,50,50,50,50,50,60,60,60,55,50,50,50
2428,Marin Šverko,DF,Venezia,77,72,50,90,56,56,50,50,50,50,60,82,60,92,50,50,50
2429,Mile Svilar,GK,Roma,41,70,50,100,46,50,30,50,40,50,50,50,50,56,80,80,80
2430,Michael Svoboda,DF,Venezia,82,84,50,90,51,65,50,50,50,50,60,94,60,100,50,50,50
2431,Williot Swedberg,AT,Celta Vigo,84,71,50,80,66,83,60,50,60,50,50,56,50,58,50,50,50
2432,Abakar Sylla,DF,Strasbourg,73,69,50,91,50,50,50,50,50,50,60,70,60,97,50,50,50
2433,Issiaga Sylla,DF,Montpellier,61,83,50,85,63,62,50,50,50,50,60,68,60,79,50,50,50
2434,Mamadou Sylla,AT,Valladolid,73,69,50,73,58,80,60,50,60,50,50,52,50,60,50,50,50
2435,Wojciech Szczęsny,GK,Barcelona,43,75,50,100,56,50,30,50,40,50,50,50,50,55,80,80,80
2436,Sammie Szmodics,AT,Ipswich Town,87,79,50,87,51,62,60,50,60,50,50,62,50,64,50,50,50
2437,Dominik Szoboszlai,MD,Liverpool,70,81,50,88,71,100,50,50,50,50,50,68,50,63,50,50,50
2438,Alexander Sørloth,AT,Atlético Madrid,68,72,50,63,66,77,60,50,60,50,50,52,50,70,50,50,50
2439,Musa Al-Taamari,AT,Montpellier,89,69,50,84,84,86,60,50,60,50,50,56,50,53,50,50,50
2440,Musa Al-Taamari,AT,Rennes,81,71,50,93,100,68,60,50,60,50,50,52,50,50,50,50,50
2441,Haris Tabakovic,AT,Hoffenheim,83,75,50,64,100,62,60,50,60,50,50,52,50,59,50,50,50
2442,Nicolás Tagliafico,DF,Lyon,60,83,50,91,66,59,50,50,50,50,60,100,60,87,50,50,50
2443,Jonathan Tah,DF,Leverkusen,70,69,50,95,76,59,50,50,50,50,60,100,60,100,50,50,50
2444,Adrien Tameze,MD,Torino,67,83,50,85,72,68,50,50,50,50,50,70,50,57,50,50,50
2445,Renato Tapia,MD,Leganés,76,76,50,86,53,62,50,50,50,50,50,80,50,100,50,50,50
2446,Edmond Tapsoba,DF,Leverkusen,73,84,50,94,54,59,50,50,50,50,60,94,60,100,50,50,50
2447,Florian Tardieu,MD,Saint-Étienne,71,94,50,92,61,80,50,50,50,50,50,64,50,57,50,50,50
2448,Mehdi Taremi,AT,Inter,82,85,50,90,50,86,60,50,60,50,50,50,50,60,50,50,50
2449,Matt Targett,DF,Newcastle Utd,60,79,50,100,50,50,50,50,50,50,60,60,60,51,50,50,50
2450,Oussama Targhalline,MD,Le Havre,69,86,50,87,60,68,50,50,50,50,50,88,50,64,50,50,50
2451,James Tarkowski,DF,Everton,59,73,50,85,63,92,50,50,50,50,60,100,60,100,50,50,50
2452,César Tárrega,DF,Valencia,63,85,50,90,50,56,50,50,50,50,60,84,60,100,50,50,50
2453,Nuno Tavares,DF,Lazio,68,81,50,89,47,100,50,50,50,50,60,88,60,88,50,50,50
2454,Marcus Tavernier,AT,Bournemouth,77,71,50,86,42,100,60,50,60,50,50,58,50,60,50,50,50
2455,Charlie Taylor,DF,Southampton,67,84,50,94,70,53,50,50,50,50,60,60,60,72,50,50,50
2456,Jack Taylor,MD,Ipswich Town,64,78,50,88,60,65,50,50,50,50,50,58,50,63,50,50,50
2457,Loum Tchaouna,AT,Lazio,86,82,50,82,39,80,60,50,60,50,50,56,50,57,50,50,50
2458,Jackson Tchatchoua,MD,Hellas Verona,65,87,50,87,39,100,50,50,50,50,50,68,50,100,50,50,50
2459,Enzo Tchato,DF,Montpellier,67,77,50,85,50,92,50,50,50,50,60,94,60,100,50,50,50
2460,Aurélien Tchouaméni,MD,Real Madrid,79,88,50,95,77,62,50,50,50,50,50,100,50,97,50,50,50
2461,Álvaro Tejero,MD,Espanyol,75,77,50,88,39,100,50,50,50,50,50,72,50,79,50,50,50
2462,Martín Tejón,MD,Valencia,81,95,50,83,50,53,50,50,50,50,50,50,50,50,50,50,50
2463,Mathys Tel,AT,Tottenham,83,82,50,80,50,53,60,50,60,50,50,50,50,51,50,50,50
2464,Mathys Tel,AT,Bayern Munich,81,66,50,87,57,53,60,50,60,50,50,52,50,51,50,50,50
2465,Nathan Tella,AT,Leverkusen,73,66,50,87,58,83,60,50,60,50,50,58,50,53,50,50,50
2466,Nahuel Tenaglia,DF,Alavés,64,79,50,83,35,86,50,50,50,50,60,100,60,100,50,50,50
2467,Casper Tengstedt,AT,Hellas Verona,83,76,50,79,46,80,60,50,60,50,50,56,50,77,50,50,50
2468,Marc-André ter Stegen,GK,Barcelona,53,75,50,100,74,50,30,50,40,50,50,50,50,52,80,80,80
2469,Filippo Terracciano,MD,Milan,83,90,50,90,62,56,50,50,50,50,50,62,50,61,50,50,50
2470,Pietro Terracciano,GK,Fiorentina,62,74,50,100,36,50,30,50,40,50,50,50,50,50,80,80,80
2471,Ramón Terrats,AT,Villarreal,72,71,50,96,58,53,60,50,60,50,50,54,50,53,50,50,50
2472,Ramón Terrats,MD,Getafe,63,93,50,82,30,62,50,50,50,50,50,50,50,58,50,50,50
2473,Martin Terrier,AT,Leverkusen,72,71,50,90,66,74,60,50,60,50,50,52,50,51,50,50,50
2474,Tanner Tessmann,MD,Lyon,85,90,50,91,63,59,50,50,50,50,50,68,50,67,50,50,50
2475,Kenny Tete,DF,Fulham,72,79,50,91,63,65,50,50,50,50,60,100,60,86,50,50,50
2476,Teddy Teuma,MD,Reims,87,83,50,90,53,89,50,50,50,50,50,74,50,58,50,50,50
2477,Jordan Teze,DF,Monaco,69,79,50,88,62,74,50,50,50,50,60,60,60,58,50,50,50
2478,Florian Thauvin,AT,Udinese,78,82,50,82,49,100,60,50,60,50,50,64,50,60,50,50,50
2479,Arthur Theate,DF,Eint Frankfurt,79,77,50,94,56,74,50,50,50,50,60,100,60,100,50,50,50
2480,Norman Theuerkauf,MD,Heidenheim,66,85,50,88,100,50,50,50,50,50,50,50,50,50,50,50,50
2481,Thiago,AT,Brentford,69,73,50,70,75,56,60,50,60,50,50,54,50,52,50,50,50
2482,Malick Thiaw,DF,Milan,60,79,50,95,80,62,50,50,50,50,60,78,60,100,50,50,50
2483,Denis Thomalla,MD,Heidenheim,86,88,50,50,50,50,50,50,50,50,50,50,50,50,50,50,50
2484,Luke Thomas,DF,Leicester City,82,68,50,94,30,53,50,50,50,50,60,60,60,53,50,50,50
2485,Sorba Thomas,AT,Nantes,83,66,50,84,37,100,60,50,60,50,50,54,50,64,50,50,50
2486,Adrien Thomasson,MD,Lens,80,90,50,87,64,100,50,50,50,50,50,82,50,73,50,50,50
2487,Morten Thorsby,MD,Genoa,65,85,50,75,64,100,50,50,50,50,50,58,50,71,50,50,50
2488,Khéphren Thuram,MD,Juventus,68,83,50,92,66,100,50,50,50,50,50,64,50,78,50,50,50
2489,Marcus Thuram,AT,Inter,91,66,50,75,66,100,60,50,60,50,50,56,50,62,50,50,50
2490,Youri Tielemans,MD,Aston Villa,78,94,50,89,52,100,50,50,50,50,50,92,50,86,50,50,50
2491,Kieran Tierney,AT,Arsenal,74,67,50,90,40,56,60,50,60,50,50,52,50,52,50,50,50
2492,Phillip Tietz,AT,Augsburg,70,66,50,68,33,100,60,50,60,50,50,58,50,72,50,50,50
2493,Jurriën Timber,DF,Arsenal,64,87,50,90,53,95,50,50,50,50,60,88,60,89,50,50,50
2494,Jean-Clair Todibo,DF,West Ham,61,78,50,92,52,56,50,50,50,50,60,74,60,100,50,50,50
2495,Harry Toffolo,DF,Nott'ham Forest,82,82,50,90,50,50,50,50,50,50,60,60,60,57,50,50,50
2496,Umut Tohumcu,MD,Hoffenheim,77,84,50,88,42,56,50,50,50,50,50,56,50,56,50,50,50
2497,Corentin Tolisso,MD,Lyon,71,92,50,88,67,100,50,50,50,50,50,78,50,83,50,50,50
2498,John Tolkin,AT,Holstein Kiel,81,70,50,82,46,56,60,50,60,50,50,52,50,62,50,50,50
2499,Rafael Tolói,DF,Atalanta,72,75,50,93,62,59,50,50,50,50,60,64,60,56,50,50,50
2500,Tiago Tomás,AT,Wolfsburg,81,73,50,76,50,100,60,50,60,50,50,62,50,67,50,50,50
2501,Takehiro Tomiyasu,DF,Arsenal,79,75,50,100,50,50,50,50,50,50,60,60,60,51,50,50,50
2502,Fikayo Tomori,DF,Milan,80,78,50,96,64,65,50,50,50,50,60,72,60,86,50,50,50
2503,Sandro Tonali,MD,Newcastle Utd,65,81,50,90,55,77,50,50,50,50,50,94,50,71,50,50,50
2504,Pablo Torre,AT,Barcelona,78,71,50,88,50,65,60,50,60,50,50,52,50,54,50,50,50
2505,David Torres,DF,Valladolid,73,75,50,94,48,53,50,50,50,50,60,70,60,100,50,50,50
2506,Ferrán Torres,AT,Barcelona,82,79,50,84,33,80,60,50,60,50,50,52,50,52,50,50,50
2507,Pau Torres,DF,Aston Villa,79,80,50,94,50,53,50,50,50,50,60,62,60,99,50,50,50
2508,Lucas Torró,MD,Osasuna,72,89,50,78,50,68,50,50,50,50,50,100,50,93,50,50,50
2509,Lorenzo Tosto,DF,Empoli,76,71,50,50,50,50,50,50,50,50,60,60,60,50,50,50,50
2510,Abdoulaye Touré,MD,Le Havre,87,78,50,85,73,59,50,50,50,50,50,100,50,80,50,50,50
2511,Bazoumana Touré,AT,Hoffenheim,76,70,50,50,50,53,60,50,60,50,50,56,50,50,50,50,50
2512,Birama Touré,MD,Montpellier,83,89,50,84,55,59,50,50,50,50,50,62,50,57,50,50,50
2513,Ousmane Toure,DF,Lille,79,76,50,50,50,50,50,50,50,50,60,60,60,52,50,50,50
2514,Souleymane Touré,DF,Udinese,67,81,50,93,77,56,50,50,50,50,60,68,60,67,50,50,50
2515,Lucas Tousart,MD,Union Berlin,70,90,50,78,33,56,50,50,50,50,50,58,50,67,50,50,50
2516,Conor Townsend,DF,Ipswich Town,68,85,50,94,20,59,50,50,50,50,60,60,60,57,50,50,50
2517,Adama Traoré,AT,Fulham,97,83,50,80,58,100,60,50,60,50,50,52,50,54,50,50,50
2518,Hamari Traoré,DF,Real Sociedad,60,88,50,90,64,56,50,50,50,50,60,60,60,61,50,50,50
2519,Omar Traoré,DF,Heidenheim,69,75,50,83,46,98,50,50,50,50,60,78,60,95,50,50,50
2520,Kevin Trapp,GK,Eint Frankfurt,50,75,50,100,36,50,30,50,40,50,50,50,50,57,80,80,80
2521,Mark Travers,GK,Bournemouth,52,64,50,100,51,50,30,50,40,50,50,50,50,55,80,80,80
2522,Óscar Trejo,AT,Rayo Vallecano,78,70,50,91,66,65,60,50,60,50,50,56,50,53,50,50,50
2523,Philipp Treu,MD,St. Pauli,78,79,50,89,48,98,50,50,50,50,50,80,50,100,50,50,50
2524,Ryan Trevitt,MD,Brentford,81,83,50,50,50,50,50,50,50,50,50,50,50,50,50,50,50
2525,Christopher Trimmel,MD,Union Berlin,68,82,50,85,43,100,50,50,50,50,50,72,50,93,50,50,50
2526,Kieran Trippier,DF,Newcastle Utd,82,84,50,94,43,68,50,50,50,50,60,64,60,70,50,50,50
2527,Leandro Trossard,AT,Arsenal,90,79,50,84,54,100,60,50,60,50,50,68,50,66,50,50,50
2528,Adrien Truffert,MD,Rennes,85,80,50,88,47,98,50,50,50,50,50,92,50,93,50,50,50
2529,Kostas Tsimikas,DF,Liverpool,71,86,50,94,52,71,50,50,50,50,60,64,60,66,50,50,50
2530,Viktor Tsyhankov,AT,Girona,70,71,50,88,48,98,60,50,60,50,50,66,50,58,50,50,50
2531,Axel Tuanzebe,DF,Ipswich Town,81,87,50,90,56,62,50,50,50,50,60,84,60,85,50,50,50
2532,Stefano Turati,GK,Monza,59,79,50,99,45,50,30,50,40,50,50,50,50,65,80,80,80
2533,Beñat Turrientes,MD,Real Sociedad,77,77,50,89,59,56,50,50,50,50,50,58,50,59,50,50,50
2534,Tuta,MD,Eint Frankfurt,75,78,50,94,54,59,50,50,50,50,50,100,50,100,50,50,50
2535,Chrisantus Uche,AT,Getafe,84,84,50,74,38,100,60,50,60,50,50,60,50,65,50,50,50
2536,Destiny Udogie,DF,Tottenham,71,76,50,92,78,89,50,50,50,50,60,84,60,76,50,50,50
2537,Manuel Ugarte Ribeiro,MD,Manchester Utd,86,90,50,90,76,71,50,50,50,50,50,88,50,63,50,50,50
2538,Lesley Ugochukwu,MD,Southampton,68,86,50,90,47,77,50,50,50,50,50,60,50,63,50,50,50
2539,Lukas Ullrich,DF,Gladbach,63,85,50,88,36,74,50,50,50,50,60,80,60,95,50,50,50
2540,Sven Ulreich,GK,Bayern Munich,43,63,50,100,50,50,30,50,40,50,50,50,50,50,80,80,80
2541,Enes Ünal,AT,Bournemouth,89,74,50,76,50,62,60,50,60,50,50,50,50,56,50,50,50
2542,Deniz Undav,AT,Stuttgart,79,66,50,78,54,89,60,50,60,50,50,56,50,57,50,50,50
2543,Naci Ünüvar,MD,Espanyol,78,75,50,87,50,53,50,50,50,50,50,50,50,50,50,50,50
2544,Dayot Upamecano,DF,Bayern Munich,70,72,50,93,82,68,50,50,50,50,60,100,60,93,50,50,50
2545,Kacper Urbanski,MD,Bologna,85,79,50,86,70,77,50,50,50,50,50,54,50,55,50,50,50
2546,Kacper Urbanski,MD,Monza,73,94,50,85,88,59,50,50,50,50,50,54,50,58,50,50,50
2547,Jonas Urbig,GK,Bayern Munich,50,77,50,100,90,50,30,50,40,50,50,50,50,51,80,80,80
2548,Can Uzun,AT,Eint Frankfurt,74,79,50,85,56,83,60,50,60,50,50,52,50,53,50,50,50
2549,Josha Vagnoman,MD,Stuttgart,87,91,50,87,61,100,50,50,50,50,50,74,50,100,50,50,50
2550,Lautaro Valenti,DF,Parma,62,71,50,92,49,59,50,50,50,50,60,60,60,100,50,50,50
2551,Óscar Valentín,MD,Rayo Vallecano,83,91,50,88,55,80,50,50,50,50,50,92,50,94,50,50,50
2552,Nicolás Valentini,DF,Hellas Verona,61,74,50,81,39,50,50,50,50,50,60,60,60,70,50,50,50
2553,Germán Valera,MD,Valencia,83,87,50,83,14,53,50,50,50,50,50,58,50,52,50,50,50
2554,Emanuele Valeri,DF,Parma,81,69,50,83,44,100,50,50,50,50,60,94,60,100,50,50,50
2555,Martin Valjent,DF,Mallorca,70,72,50,90,59,50,50,50,50,50,60,76,60,100,50,50,50
2556,Álex Valle,DF,Como,62,71,50,90,42,56,50,50,50,50,60,60,60,70,50,50,50
2557,Jesús Vallejo,DF,Real Madrid,72,80,50,100,50,50,50,50,50,50,60,60,60,52,50,50,50
2558,Mattia Valoti,MD,Monza,72,83,50,83,100,50,50,50,50,50,50,50,50,52,50,50,50
2559,Federico Valverde,MD,Real Madrid,85,94,50,93,74,100,50,50,50,50,50,100,50,81,50,50,50
2560,Ignace Van Der Brempt,DF,Como,78,88,50,92,45,74,50,50,50,50,60,70,60,80,50,50,50
2561,Siebe Van Der Heyden,MD,Mallorca,76,83,50,93,77,53,50,50,50,50,50,54,50,53,50,50,50
2562,Siebe Van Der Heyden,MD,St. Pauli,69,89,50,87,53,53,50,50,50,50,50,68,50,73,50,50,50
2563,Virgil van Dijk,DF,Liverpool,78,82,50,96,66,80,50,50,50,50,60,100,60,100,50,50,50
2564,Vanderson,DF,Monaco,58,69,50,87,59,100,50,50,50,50,60,100,60,99,50,50,50
2565,Maarten Vandevoordt,GK,RB Leipzig,61,68,50,100,33,50,30,50,40,50,50,50,50,52,80,80,80
2566,Jamie Vardy,AT,Leicester City,82,78,50,74,71,95,60,50,60,50,50,56,50,68,50,50,50
2567,Ruben Vargas,AT,Sevilla,77,78,50,84,43,86,60,50,60,50,50,52,50,58,50,50,50
2568,Ruben Vargas,AT,Augsburg,79,81,50,90,78,68,60,50,60,50,50,54,50,51,50,50,50
2569,Nikola Vasilj,GK,St. Pauli,61,61,50,99,44,53,30,50,40,50,50,50,50,68,80,80,80
2570,Devis Vásquez,GK,Empoli,38,72,50,100,37,50,30,50,40,50,50,50,50,66,80,80,80
2571,Johan Vásquez,DF,Genoa,70,82,50,88,54,68,50,50,50,50,60,100,60,100,50,50,50
2572,Denis Vavro,DF,Wolfsburg,79,69,50,89,69,68,50,50,50,50,60,96,60,100,50,50,50
2573,José Luis García Vayá,MD,Valencia,77,87,50,90,52,100,50,50,50,50,50,74,50,75,50,50,50
2574,Robinio Vaz,AT,Marseille,86,74,50,25,50,50,60,50,60,50,50,50,50,52,50,50,50
2575,Jesus Vazquez,DF,Valencia,61,82,50,90,29,53,50,50,50,50,60,60,60,72,50,50,50
2576,Lucas Vázquez,DF,Real Madrid,67,73,50,92,66,100,50,50,50,50,60,74,60,69,50,50,50
2577,Matías Vecino,MD,Lazio,74,89,50,79,78,71,50,50,50,50,50,60,50,56,50,50,50
2578,Danilo Veiga,AT,Lecce,70,81,50,75,25,53,60,50,60,50,50,54,50,51,50,50,50
2579,Renato Veiga,MD,Chelsea,66,85,50,88,61,50,50,50,50,50,50,52,50,52,50,50,50
2580,Renato Veiga,DF,Juventus,71,69,50,95,43,50,50,50,50,50,60,64,60,67,50,50,50
2581,Alejo Véliz,AT,Espanyol,69,76,50,75,77,56,60,50,60,50,50,56,50,69,50,50,50
2582,Miloš Veljković,DF,Werder Bremen,64,76,50,95,68,59,50,50,50,50,60,60,60,98,50,50,50
2583,Joël Veltman,DF,Brighton,72,68,50,89,63,68,50,50,50,50,60,86,60,100,50,50,50
2584,Micky van de Ven,DF,Tottenham,61,68,50,91,66,56,50,50,50,50,60,68,60,79,50,50,50
2585,Lorenzo Venturino,AT,Genoa,69,69,50,50,50,56,60,50,60,50,50,50,50,50,50,50,50
2586,Nikolas Veratschnig,AT,Mainz 05,91,84,50,55,100,53,60,50,60,50,50,52,50,51,50,50,50
2587,Bart Verbruggen,GK,Brighton,58,80,50,99,46,53,30,50,40,50,50,50,50,68,80,80,80
2588,Simone Verdi,AT,Como,69,85,50,66,33,68,60,50,60,50,50,50,50,52,50,50,50
2589,Jordan Veretout,MD,Lyon,69,90,50,89,66,80,50,50,50,50,50,56,50,70,50,50,50
2590,Arthur Vermeeren,MD,RB Leipzig,83,86,50,86,63,71,50,50,50,50,50,94,50,67,50,50,50
2591,Yorbe Vertessen,AT,Union Berlin,80,82,50,76,35,95,60,50,60,50,50,56,50,56,50,50,50
2592,Mikel Vesga,MD,Athletic Club,80,92,50,89,67,83,50,50,50,50,50,70,50,62,50,50,50
2593,Jannik Vestergaard,DF,Leicester City,68,77,50,95,59,59,50,50,50,50,60,82,60,100,50,50,50
2594,Ben Viadere,MD,Auxerre,68,76,50,100,50,53,50,50,50,50,50,50,50,50,50,50,50
2595,Guglielmo Vicario,GK,Tottenham,54,61,50,99,53,50,30,50,40,50,50,52,50,57,80,80,80
2596,Carlos Vicente,AT,Alavés,91,85,50,77,44,100,60,50,60,50,50,70,50,73,50,50,50
2597,Pau Victor Delgado,AT,Barcelona,77,68,50,91,80,65,60,50,60,50,50,54,50,54,50,50,50
2598,Nacho Vidal,DF,Osasuna,60,84,50,91,63,50,50,50,50,50,60,60,60,56,50,50,50
2599,Gabriel Vidovic,MD,Mainz 05,70,81,50,100,50,50,50,50,50,50,50,50,50,50,50,50,50
2600,Fran Vieites,GK,Betis,47,67,50,100,35,50,30,50,40,50,50,50,50,51,80,80,80
2601,Samuele Vignato,MD,Monza,86,86,50,85,30,53,50,50,50,50,50,50,50,56,50,50,50
2602,Asier Villalibre,AT,Alavés,71,73,50,73,75,50,60,50,60,50,50,52,50,55,50,50,50
2603,Iván Villar,GK,Celta Vigo,62,71,50,100,31,50,30,50,40,50,50,50,50,53,80,80,80
2604,Carlos Vinícius,MD,Fulham,63,91,50,50,50,50,50,50,50,50,50,50,50,50,50,50,50
2605,Nicolas Viola,AT,Cagliari,70,83,50,82,51,100,60,50,60,50,50,54,50,54,50,50,50
2606,Viti,DF,Las Palmas,59,72,50,91,58,77,50,50,50,50,60,90,60,87,50,50,50
2607,Mattia Viti,DF,Empoli,66,85,50,86,53,56,50,50,50,50,60,100,60,100,50,50,50
2608,Vitinha,AT,Genoa,70,85,50,75,42,83,60,50,60,50,50,70,50,65,50,50,50
2609,Vitinha,MD,Paris S-G,70,84,50,95,85,100,50,50,50,50,50,70,50,63,50,50,50
2610,Daniel Vivian,DF,Athletic Club,78,87,50,89,63,77,50,50,50,50,60,100,60,100,50,50,50
2611,Dušan Vlahović,AT,Juventus,71,79,50,77,70,83,60,50,60,50,50,52,50,58,50,50,50
2612,Vanja Vlahović,AT,Atalanta,76,69,50,66,50,56,60,50,60,50,50,50,50,50,50,50,50
2613,Nikola Vlašić,AT,Torino,85,76,50,86,65,100,60,50,60,50,50,66,50,62,50,50,50
2614,Alessandro Vogliacco,DF,Genoa,74,81,50,88,54,53,50,50,50,50,60,68,60,70,50,50,50
2615,Alessandro Vogliacco,DF,Parma,76,80,50,97,65,59,50,50,50,50,60,60,60,71,50,50,50
2616,Kevin Vogt,DF,Union Berlin,79,80,50,94,66,53,50,50,50,50,60,68,60,100,50,50,50
2617,Mërgim Vojvoda,DF,Torino,72,85,50,89,63,83,50,50,50,50,60,64,60,74,50,50,50
2618,Mërgim Vojvoda,DF,Como,69,76,50,83,50,50,50,50,50,50,60,60,60,51,50,50,50
2619,Kevin Volland,AT,Union Berlin,89,81,50,80,50,50,60,50,60,50,50,50,50,51,50,50,50
2620,Aster Vranckx,MD,Wolfsburg,84,88,50,86,72,53,50,50,50,50,50,62,50,57,50,50,50
2621,Stefan de Vrij,DF,Inter,61,82,50,94,73,53,50,50,50,50,60,90,60,100,50,50,50
2622,Ibrahima Wadji,AT,Saint-Étienne,74,71,50,87,50,53,60,50,60,50,50,50,50,50,50,50,50
2623,Robert Wagner,MD,St. Pauli,77,89,50,83,50,50,50,50,50,50,50,52,50,59,50,50,50
2624,Elye Wahi,AT,Marseille,76,70,50,88,75,68,60,50,60,50,50,52,50,50,50,50,50
2625,Elye Wahi,AT,Eint Frankfurt,82,75,50,75,25,53,60,50,60,50,50,50,50,51,50,50,50
2626,Hauke Wahl,DF,St. Pauli,61,75,50,91,52,71,50,50,50,50,60,100,60,100,50,50,50
2627,Kyle Walker,DF,Manchester City,91,85,50,94,51,71,50,50,50,50,60,60,60,63,50,50,50
2628,Kyle Walker,DF,Milan,91,85,50,96,43,53,50,50,50,50,60,60,60,59,50,50,50
2629,Kyle Walker-Peters,DF,Southampton,70,85,50,93,63,100,50,50,50,50,60,78,60,100,50,50,50
2630,Christian Walton,GK,Ipswich Town,46,74,50,100,36,53,30,50,40,50,50,50,50,51,80,80,80
2631,Sebastian Walukiewicz,DF,Torino,76,73,50,87,61,56,50,50,50,50,60,84,60,100,50,50,50
2632,Sebastian Walukiewicz,DF,Empoli,69,68,50,80,63,53,50,50,50,50,60,60,60,65,50,50,50
2633,Aaron Wan-Bissaka,DF,West Ham,65,82,50,89,49,100,50,50,50,50,60,100,60,100,50,50,50
2634,Paul Wanner,AT,Heidenheim,68,67,50,82,46,98,60,50,60,50,50,58,50,66,50,50,50
2635,Danny Ward,GK,Leicester City,54,64,50,100,55,50,30,50,40,50,50,50,50,51,80,80,80
2636,James Ward-Prowse,MD,West Ham,63,90,50,93,50,59,50,50,50,50,50,58,50,55,50,50,50
2637,James Ward-Prowse,MD,Nott'ham Forest,81,76,50,93,34,62,50,50,50,50,50,60,50,58,50,50,50
2638,Kjell-Arik Wätjen,MD,Dortmund,82,91,50,50,50,50,50,50,50,50,50,50,50,52,50,50,50
2639,Ollie Watkins,AT,Aston Villa,72,74,50,79,72,100,60,50,60,50,50,62,50,63,50,50,50
2640,Timothy Weah,AT,Juventus,81,70,50,91,50,92,60,50,60,50,50,70,50,65,50,50,50
2641,Adam Webster,DF,Brighton,68,87,50,96,51,56,50,50,50,50,60,76,60,75,50,50,50
2642,Julian Weigl,MD,Gladbach,85,80,50,92,80,83,50,50,50,50,50,100,50,100,50,50,50
2643,Timon Weiner,GK,Holstein Kiel,39,72,50,100,44,50,30,50,40,50,50,50,50,65,80,80,80
2644,Nelson Weiper,AT,Mainz 05,78,84,50,72,100,65,60,50,60,50,50,52,50,53,50,50,50
2645,Mitchell Weiser,MD,Werder Bremen,70,95,50,85,49,100,50,50,50,50,50,84,50,98,50,50,50
2646,Noah Weißhaupt,AT,St. Pauli,78,81,50,77,54,98,60,50,60,50,50,52,50,56,50,50,50
2647,Noah Weißhaupt,AT,Freiburg,80,71,50,95,37,50,60,50,60,50,50,50,50,51,50,50,50
2648,Danny Welbeck,AT,Brighton,75,84,50,85,100,98,60,50,60,50,50,60,50,59,50,50,50
2649,Welington,MD,Southampton,79,91,50,75,75,56,50,50,50,50,50,56,50,61,50,50,50
2650,Timo Werner,AT,Tottenham,69,68,50,82,38,80,60,50,60,50,50,52,50,57,50,50,50
2651,Adam Wharton,MD,Crystal Palace,81,85,50,81,65,100,50,50,50,50,50,76,50,67,50,50,50
2652,Ben White,DF,Arsenal,64,75,50,91,43,59,50,50,50,50,60,72,60,73,50,50,50
2653,Silvan Widmer,DF,Mainz 05,78,86,50,87,60,56,50,50,50,50,60,60,60,69,50,50,50
2654,Mats Wieffer,MD,Brighton,75,92,50,91,76,71,50,50,50,50,50,66,50,63,50,50,50
2655,Mateusz Wieteska,DF,Cagliari,60,72,50,90,54,53,50,50,50,50,60,64,60,56,50,50,50
2656,Caleb Wiley,MD,Strasbourg,79,86,50,86,45,56,50,50,50,50,50,58,50,55,50,50,50
2657,Iñaki Williams,AT,Athletic Club,88,72,50,73,30,100,60,50,60,50,50,70,50,74,50,50,50
2658,Neco Williams,DF,Nott'ham Forest,64,74,50,89,41,74,50,50,50,50,60,96,60,100,50,50,50
2659,Nico Williams,AT,Athletic Club,93,86,50,83,37,100,60,50,60,50,50,60,50,57,50,50,50
2660,Willian,MD,Fulham,68,91,50,90,80,56,50,50,50,50,50,52,50,51,50,50,50
2661,Joe Willock,AT,Newcastle Utd,87,85,50,88,46,100,60,50,60,50,50,60,50,57,50,50,50
2662,Callum Wilson,AT,Newcastle Utd,89,66,50,87,50,50,60,50,60,50,50,52,50,50,50,50,50
2663,Harry Wilson,AT,Fulham,89,73,50,85,41,100,60,50,60,50,50,60,50,55,50,50,50
2664,Patrick Wimmer,AT,Wolfsburg,75,79,50,71,58,100,60,50,60,50,50,70,50,59,50,50,50
2665,Jonas Wind,AT,Wolfsburg,74,79,50,76,55,100,60,50,60,50,50,58,50,59,50,50,50
2666,Harry Winks,MD,Leicester City,83,84,50,92,59,95,50,50,50,50,50,68,50,70,50,50,50
2667,Ben Winterburn,MD,Bournemouth,84,79,50,50,50,50,50,50,50,50,50,50,50,50,50,50,50
2668,Florian Wirtz,AT,Leverkusen,89,66,50,88,55,100,60,50,60,50,50,66,50,54,50,50,50
2669,Yoane Wissa,AT,Brentford,83,69,50,86,58,100,60,50,60,50,50,62,50,67,50,50,50
2670,Dani de Wit,AT,Bochum,77,74,50,78,66,74,60,50,60,50,50,70,50,70,50,50,50
2671,Axel Witsel,DF,Atlético Madrid,70,71,50,90,82,56,50,50,50,50,60,68,60,82,50,50,50
2672,Maximilian Wittek,DF,Bochum,67,83,50,81,42,100,50,50,50,50,60,84,60,100,50,50,50
2673,Marius Wolf,DF,Augsburg,61,76,50,82,43,100,50,50,50,50,60,80,60,89,50,50,50
2674,Nick Woltemade,AT,Stuttgart,91,82,50,81,43,100,60,50,60,50,50,52,50,59,50,50,50
2675,Jeong Woo-yeong,AT,Union Berlin,92,77,50,87,45,100,60,50,60,50,50,70,50,58,50,50,50
2676,Chris Wood,AT,Nott'ham Forest,81,75,50,70,66,95,60,50,60,50,50,58,50,68,50,50,50
2677,Nathan Wood-Gordon,DF,Southampton,63,84,50,94,69,53,50,50,50,50,60,60,60,76,50,50,50
2678,Christopher Wooh,DF,Rennes,70,77,50,89,58,53,50,50,50,50,60,96,60,100,50,50,50
2679,Luke Woolfenden,DF,Ipswich Town,64,75,50,96,50,50,50,50,50,50,60,84,60,100,50,50,50
2680,Granit Xhaka,MD,Leverkusen,63,87,50,93,76,100,50,50,50,50,50,66,50,81,50,50,50
2681,Lamine Yamal,AT,Barcelona,75,76,50,84,50,100,60,50,60,50,50,70,50,53,50,50,50
2682,Daniel Yáñez,AT,Real Madrid,76,70,50,50,50,50,60,50,60,50,50,50,50,50,50,50,50
2683,Erencan Yardimci,AT,Hoffenheim,69,78,50,65,50,50,60,50,60,50,50,52,50,52,50,50,50
2684,Yehor Yarmoliuk,MD,Brentford,70,83,50,86,90,68,50,50,50,50,50,66,50,73,50,50,50
2685,Ryan Yates,MD,Nott'ham Forest,67,77,50,88,60,92,50,50,50,50,50,90,50,96,50,50,50
2686,John Yeboah,AT,Venezia,73,77,50,82,46,74,60,50,60,50,50,56,50,51,50,50,50
2687,Bertuğ Yıldırım,AT,Getafe,71,83,50,56,57,68,60,50,60,50,50,52,50,62,50,50,50
2688,Kenan Yıldız,AT,Juventus,76,77,50,90,47,100,60,50,60,50,50,58,50,60,50,50,50
2689,Leny Yoro,DF,Manchester Utd,77,79,50,96,67,50,50,50,50,50,60,76,60,75,50,50,50
2690,Ashley Young,AT,Everton,74,71,50,87,40,100,60,50,60,50,50,70,50,100,50,50,50
2691,Etienne Youte Kinkoue,DF,Le Havre,79,81,50,93,60,56,50,50,50,50,60,90,60,100,50,50,50
2692,Illia Zabarnyi,DF,Bournemouth,66,72,50,90,53,80,50,50,50,50,60,100,60,100,50,50,50
2693,Eloge Zabi,MD,Reims,66,90,50,100,50,50,50,50,50,50,50,50,50,51,50,50,50
2694,Mattia Zaccagni,AT,Lazio,86,79,50,90,46,100,60,50,60,50,50,70,50,61,50,50,50
2695,Dan-Axel Zagadou,MD,Stuttgart,85,88,50,100,50,50,50,50,50,50,50,52,50,51,50,50,50
2696,Yoram Zague,DF,Paris S-G,73,70,50,94,83,53,50,50,50,50,60,60,60,52,50,50,50
2697,Wilfried Zaha,AT,Lyon,75,81,50,93,50,50,60,50,60,50,50,52,50,50,50,50,50
2698,Warren Zaïre-Emery,MD,Paris S-G,77,77,50,96,67,86,50,50,50,50,50,84,50,65,50,50,50
2699,Miha Zajc,MD,Toulouse,64,88,50,86,50,56,50,50,50,50,50,56,50,56,50,50,50
2700,Denis Zakaria,MD,Monaco,87,83,50,94,63,77,50,50,50,50,50,88,50,77,50,50,50
2701,Arsen Zakharyan,AT,Real Sociedad,88,65,50,85,80,53,60,50,60,50,50,52,50,50,50,50,50
2702,Nicola Zalewski,AT,Roma,89,71,50,86,50,80,60,50,60,50,50,58,50,58,50,50,50
2703,Nicola Zalewski,DF,Inter,68,86,50,72,50,62,50,50,50,50,60,60,60,51,50,50,50
2704,Andre-Frank Zambo Anguissa,MD,Napoli,80,90,50,89,73,100,50,50,50,50,50,100,50,78,50,50,50
2705,Francesco Zampano,DF,Venezia,75,82,50,87,48,86,50,50,50,50,60,62,60,78,50,50,50
2706,Nicolò Zaniolo,AT,Fiorentina,77,80,50,84,50,56,60,50,60,50,50,50,50,51,50,50,50
2707,Nicolò Zaniolo,AT,Atalanta,71,79,50,91,50,71,60,50,60,50,50,52,50,50,50,50,50
2708,Alessandro Zanoli,AT,Genoa,91,76,50,81,38,98,60,50,60,50,50,68,50,88,50,50,50
2709,Duván Zapata,AT,Torino,75,69,50,69,81,77,60,50,60,50,50,54,50,57,50,50,50
2710,Gabriele Zappa,DF,Cagliari,64,79,50,90,46,100,50,50,50,50,60,84,60,100,50,50,50
2711,Davide Zappacosta,DF,Atalanta,73,82,50,93,50,95,50,50,50,50,60,64,60,66,50,50,50
2712,Bryan Zaragoza,AT,Osasuna,77,69,50,74,49,100,60,50,60,50,50,52,50,58,50,50,50
2713,Anass Zaroury,AT,Lens,84,70,50,77,36,100,60,50,60,50,50,56,50,60,50,50,50
2714,Oier Zarraga,MD,Udinese,67,77,50,94,62,65,50,50,50,50,50,54,50,55,50,50,50
2715,David Zec,DF,Holstein Kiel,78,72,50,87,70,71,50,50,50,50,60,68,60,100,50,50,50
2716,Jordan Zemura,DF,Udinese,76,78,50,90,41,71,50,50,50,50,60,80,60,86,50,50,50
2717,Robin Zentner,GK,Mainz 05,55,72,50,100,38,56,30,50,40,50,50,50,50,78,80,80,80
2718,Alessio Zerbin,DF,Venezia,69,86,50,81,44,83,50,50,50,50,60,68,60,61,50,50,50
2719,Alessio Zerbin,AT,Napoli,70,82,50,50,50,50,60,50,60,50,50,50,50,50,50,50,50
2720,Kevin Zeroli,MD,Monza,81,92,50,81,75,53,50,50,50,50,50,52,50,56,50,50,50
2721,Kevin Zeroli,MD,Milan,74,84,50,100,50,50,50,50,50,50,50,50,50,50,50,50,50
2722,Cedric Zesiger,DF,Augsburg,62,73,50,84,44,56,50,50,50,50,60,68,60,100,50,50,50
2723,Cedric Zesiger,DF,Wolfsburg,82,69,50,96,33,53,50,50,50,50,60,60,60,78,50,50,50
2724,Michael Zetterer,GK,Werder Bremen,57,72,50,99,54,50,30,50,40,50,50,52,50,58,80,80,80
2725,Nathan Zeze,DF,Nantes,81,85,50,93,50,50,50,50,50,50,60,84,60,100,50,50,50
2726,Edon Zhegrova,AT,Lille,89,66,50,89,40,98,60,50,60,50,50,58,50,51,50,50,50
2727,Piotr Zieliński,MD,Inter,83,87,50,96,55,89,50,50,50,50,50,62,50,61,50,50,50
2728,Oleksandr Zinchenko,MD,Arsenal,69,80,50,89,40,53,50,50,50,50,50,56,50,55,50,50,50
2729,Joshua Zirkzee,AT,Manchester Utd,86,80,50,78,50,86,60,50,60,50,50,60,50,56,50,50,50
2730,Budu Zivzivadze,AT,Heidenheim,90,74,50,70,80,65,60,50,60,50,50,56,50,53,50,50,50
2731,Luc Zogbé,DF,Brest,59,78,50,89,50,62,50,50,50,50,60,78,60,69,50,50,50
2732,Nadir Zortea,AT,Cagliari,92,72,50,80,45,100,60,50,60,50,50,70,50,83,50,50,50
2733,Aristide Zossou,MD,Auxerre,72,79,50,100,100,50,50,50,50,50,50,50,50,50,50,50,50
2734,Yanis Zouaoui,AT,Le Havre,76,77,50,87,42,100,60,50,60,50,50,66,50,89,50,50,50
2735,Igor Zubeldia,DF,Real Sociedad,67,82,50,90,56,62,50,50,50,50,60,98,60,100,50,50,50
2736,Martín Zubimendi,MD,Real Sociedad,68,92,50,87,64,89,50,50,50,50,50,100,50,100,50,50,50
2737,Edhy Zuliani,DF,Toulouse,78,87,50,100,50,50,50,50,50,50,60,60,60,50,50,50,50
2738,Szymon Żurkowski,MD,Empoli,65,82,50,100,50,50,50,50,50,50,50,52,50,52,50,50,50
2739,Martin Ødegaard,MD,Arsenal,76,87,50,91,48,100,50,50,50,50,50,56,50,53,50,50,50
2740,Milan Đurić,AT,Monza,73,70,50,51,100,65,60,50,60,50,50,54,50,67,50,50,50
2741,Milan Đurić,AT,Parma,86,84,50,50,50,50,60,50,60,50,50,50,50,50,50,50,50
